account_id,segment,industry,channel,cohort,tenure_months,contract_type,cac,initial_mrr,current_mrr,failed_payment_events,nps_score,is_churned
ACC-10000,SMB,EdTech,Paid Ads,2022-Q2,16,Annual,1202.6,639.08,680.24,1,0,0
ACC-10001,Enterprise,HealthTech,Paid Ads,2023-Q2,33,Annual,21422.67,10321.81,15195.51,0,7,0
ACC-10002,Mid-Market,Logistics,Paid Ads,2024-Q1,6,Multi-Year,7733.34,2168.23,2292.14,0,10,0
ACC-10003,Mid-Market,Fintech,Outbound Sales,2022-Q4,41,Annual,6818.96,2604.3,3122.17,1,9,0
ACC-10004,SMB,Logistics,Partner Referral,2022-Q3,10,Monthly,1220.59,730.54,749.47,0,7,0
ACC-10005,SMB,Fintech,Paid Ads,2023-Q4,27,Monthly,1746.77,396.67,442.1,1,7,0
ACC-10006,SMB,E-Commerce,Partner Referral,2024-Q2,15,Monthly,1607.88,477.41,487.55,2,7,0
ACC-10007,Enterprise,Fintech,Outbound Sales,2024-Q1,34,Annual,21722.45,9645.51,15338.13,0,8,0
ACC-10008,Mid-Market,EdTech,Partner Referral,2023-Q1,40,Annual,6847.31,2970.85,3885.87,2,9,0
ACC-10009,Mid-Market,HealthTech,Paid Ads,2024-Q1,40,Monthly,5812.78,3125.42,3681.74,3,10,0
ACC-10010,SMB,E-Commerce,Outbound Sales,2022-Q2,30,Monthly,1730.55,598.2,660.11,2,6,1
ACC-10011,Enterprise,Fintech,Outbound Sales,2022-Q3,32,Annual,23520.91,10129.19,16149.98,0,9,0
ACC-10012,Enterprise,Logistics,Organic/Inbound,2023-Q3,5,Multi-Year,19109.21,12207.53,13508.14,2,8,1
ACC-10013,SMB,E-Commerce,Organic/Inbound,2023-Q3,30,Monthly,2131.69,738.26,797.51,1,5,1
ACC-10014,SMB,E-Commerce,Partner Referral,2023-Q2,5,Annual,2144.26,490.72,509.82,1,4,0
ACC-10015,SMB,Fintech,Outbound Sales,2023-Q2,47,Monthly,1958.7,608.54,701.97,1,4,0
ACC-10016,SMB,E-Commerce,Outbound Sales,2022-Q2,36,Annual,1921.22,398.04,434.1,3,5,0
ACC-10017,Mid-Market,Logistics,Paid Ads,2024-Q2,18,Monthly,7455.28,2353.52,3103,2,7,0
ACC-10018,SMB,E-Commerce,Paid Ads,2023-Q2,24,Monthly,1618.6,723.86,748.33,1,9,1
ACC-10019,SMB,Logistics,Paid Ads,2022-Q4,34,Monthly,1634.81,911.65,1095.3,1,10,1
ACC-10020,Mid-Market,Fintech,Partner Referral,2022-Q3,40,Annual,5115.97,3553.31,4858.56,0,6,1
ACC-10021,SMB,HealthTech,Partner Referral,2022-Q2,10,Monthly,2075.91,758.68,796.36,1,7,0
ACC-10022,SMB,E-Commerce,Partner Referral,2022-Q1,10,Monthly,1615.06,449.45,458.4,1,8,0
ACC-10023,SMB,HealthTech,Organic/Inbound,2023-Q1,8,Monthly,2155.26,477.02,477.34,1,6,0
ACC-10024,Mid-Market,Logistics,Paid Ads,2022-Q2,16,Annual,6971.48,2695.45,3150.08,0,7,0
ACC-10025,Mid-Market,E-Commerce,Paid Ads,2022-Q2,34,Monthly,7168.98,2730.74,3561.7,0,7,0
ACC-10026,SMB,EdTech,Paid Ads,2023-Q3,37,Monthly,1861.69,444.88,463.12,0,9,0
ACC-10027,Mid-Market,HealthTech,Partner Referral,2023-Q4,12,Annual,5424.9,3140.27,3384.58,1,7,0
ACC-10028,Mid-Market,E-Commerce,Outbound Sales,2024-Q2,5,Monthly,6853.66,3288.45,3396.42,0,6,0
ACC-10029,SMB,HealthTech,Paid Ads,2023-Q4,14,Annual,1955.23,514.87,518.71,2,2,0
ACC-10030,Mid-Market,E-Commerce,Outbound Sales,2022-Q4,33,Annual,6948.19,2475.85,3496.46,1,9,0
ACC-10031,SMB,Fintech,Paid Ads,2022-Q1,31,Monthly,1323.32,822.02,880.63,1,8,0
ACC-10032,SMB,HealthTech,Partner Referral,2023-Q3,7,Annual,2331.42,673.68,701.94,2,8,0
ACC-10033,Enterprise,EdTech,Organic/Inbound,2022-Q1,27,Annual,21006.22,9121.06,12191.21,0,9,0
ACC-10034,Enterprise,EdTech,Outbound Sales,2022-Q4,43,Multi-Year,17466.92,8229.67,17684.05,1,8,0
ACC-10035,Enterprise,Logistics,Partner Referral,2023-Q4,33,Annual,21493.29,8612.34,14848.32,0,8,0
ACC-10036,SMB,E-Commerce,Organic/Inbound,2022-Q2,23,Monthly,1679.52,576.82,684.94,2,4,1
ACC-10037,SMB,HealthTech,Outbound Sales,2023-Q2,22,Monthly,2110.46,386.97,432.8,4,7,1
ACC-10038,Mid-Market,Logistics,Outbound Sales,2023-Q2,41,Annual,7490.18,3351.56,4603.17,1,8,0
ACC-10039,SMB,HealthTech,Outbound Sales,2024-Q1,24,Annual,2676.23,463.07,480.67,1,8,0
ACC-10040,SMB,E-Commerce,Outbound Sales,2023-Q1,6,Monthly,1681.7,577.22,578.89,1,8,0
ACC-10041,Mid-Market,EdTech,Partner Referral,2024-Q2,15,Annual,5834.5,2756.31,3018.85,2,9,0
ACC-10042,SMB,Fintech,Paid Ads,2022-Q4,47,Monthly,1571.95,626.69,818.14,3,9,1
ACC-10043,Enterprise,EdTech,Partner Referral,2023-Q1,44,Annual,23347.86,10674.04,16889.18,0,10,0
ACC-10044,SMB,Logistics,Paid Ads,2024-Q2,22,Monthly,2235.98,583.04,620.99,3,8,1
ACC-10045,Mid-Market,Fintech,Outbound Sales,2023-Q1,15,Annual,6751.23,2395.43,2625.39,0,6,0
ACC-10046,SMB,Logistics,Paid Ads,2023-Q4,19,Annual,1684.73,678.27,752.26,1,9,0
ACC-10047,Mid-Market,E-Commerce,Outbound Sales,2024-Q2,38,Annual,6429.14,2852.36,3471.08,0,8,0
ACC-10048,Mid-Market,Fintech,Paid Ads,2023-Q4,35,Annual,5963.14,2748.3,3515.42,1,4,0
ACC-10049,SMB,Logistics,Partner Referral,2022-Q2,3,Monthly,1071.84,469.44,475.65,0,8,0
ACC-10050,Enterprise,E-Commerce,Paid Ads,2023-Q3,17,Annual,25049.28,10455.31,14349.3,0,7,0
ACC-10051,Mid-Market,EdTech,Organic/Inbound,2023-Q4,15,Annual,7390.96,2021.97,2439.51,0,7,0
ACC-10052,Enterprise,E-Commerce,Outbound Sales,2023-Q2,19,Multi-Year,17464.93,9629.24,13404.22,0,9,0
ACC-10053,Enterprise,HealthTech,Outbound Sales,2023-Q1,26,Annual,19690.53,10420.97,14218.72,0,9,0
ACC-10054,Mid-Market,E-Commerce,Outbound Sales,2024-Q1,10,Annual,7192.74,3200.59,3602.8,1,6,0
ACC-10055,Enterprise,E-Commerce,Organic/Inbound,2022-Q3,29,Multi-Year,19896.67,10620.49,15363.6,0,8,0
ACC-10056,SMB,HealthTech,Outbound Sales,2024-Q2,47,Monthly,2088.21,685.31,817.64,1,7,0
ACC-10057,SMB,Logistics,Paid Ads,2022-Q4,25,Monthly,1994.18,321.19,366.22,3,5,0
ACC-10058,SMB,Logistics,Organic/Inbound,2024-Q1,48,Monthly,1675.4,728.36,727.78,1,7,0
ACC-10059,SMB,E-Commerce,Paid Ads,2023-Q2,10,Monthly,1530.37,299.56,311.52,4,10,1
ACC-10060,SMB,HealthTech,Outbound Sales,2023-Q4,10,Monthly,1504.86,748.62,771.83,1,4,1
ACC-10061,SMB,HealthTech,Outbound Sales,2023-Q3,28,Monthly,1355.47,586.75,627.55,6,7,1
ACC-10062,Enterprise,EdTech,Partner Referral,2022-Q2,15,Multi-Year,26105.06,10404.35,13112.08,1,6,0
ACC-10063,SMB,Logistics,Organic/Inbound,2022-Q3,41,Annual,1562.29,650.86,827.43,1,6,0
ACC-10064,SMB,Fintech,Paid Ads,2022-Q1,39,Annual,1596.21,476.36,575.29,0,7,0
ACC-10065,Mid-Market,Logistics,Outbound Sales,2024-Q1,30,Annual,7534.42,2805.8,4315.32,1,8,0
ACC-10066,SMB,Logistics,Partner Referral,2023-Q3,27,Annual,2230.36,807.6,964.96,6,2,1
ACC-10067,Enterprise,EdTech,Organic/Inbound,2022-Q1,18,Multi-Year,24848.45,10001.63,13687.73,0,10,0
ACC-10068,SMB,Fintech,Paid Ads,2022-Q3,4,Monthly,1821.71,632.18,645.16,4,7,0
ACC-10069,Enterprise,EdTech,Partner Referral,2022-Q4,20,Multi-Year,16254.72,8877.58,10224.01,0,9,0
ACC-10070,Mid-Market,Fintech,Outbound Sales,2022-Q4,19,Monthly,6604.7,2504.55,3051.79,0,9,0
ACC-10071,SMB,E-Commerce,Paid Ads,2023-Q1,32,Monthly,1864.47,388.94,437.06,2,4,1
ACC-10072,SMB,Fintech,Organic/Inbound,2022-Q3,41,Monthly,1638.7,760.28,877.69,2,5,1
ACC-10073,Enterprise,EdTech,Outbound Sales,2022-Q3,15,Multi-Year,20938.52,9235.38,11988.68,0,9,0
ACC-10074,Mid-Market,Logistics,Partner Referral,2022-Q1,34,Annual,6666.8,2736.15,4496.73,1,8,0
ACC-10075,Mid-Market,Fintech,Organic/Inbound,2023-Q3,31,Annual,5294.5,2798.3,4230.35,0,7,0
ACC-10076,Mid-Market,Fintech,Organic/Inbound,2024-Q2,48,Annual,6152.18,2984.99,4467.93,0,9,0
ACC-10077,SMB,HealthTech,Outbound Sales,2022-Q1,32,Monthly,2136.63,459.58,527.23,3,7,0
ACC-10078,SMB,Logistics,Outbound Sales,2022-Q2,20,Monthly,1689.14,593.76,628.59,3,5,1
ACC-10079,SMB,E-Commerce,Paid Ads,2022-Q4,15,Monthly,1697.72,562.9,582.6,0,10,0
ACC-10080,Enterprise,EdTech,Organic/Inbound,2022-Q4,45,Multi-Year,22192.53,8339.2,17717.67,1,6,0
ACC-10081,Mid-Market,E-Commerce,Outbound Sales,2023-Q1,23,Monthly,8311.41,3072.84,4048.75,1,9,0
ACC-10082,SMB,Logistics,Paid Ads,2022-Q2,32,Annual,1790.87,584.64,596.96,0,3,0
ACC-10083,SMB,Fintech,Organic/Inbound,2022-Q4,23,Monthly,2372.34,589.12,625.82,2,9,0
ACC-10084,SMB,Fintech,Outbound Sales,2022-Q1,19,Annual,1908.54,762.66,773.89,2,5,0
ACC-10085,SMB,Logistics,Organic/Inbound,2022-Q2,42,Monthly,1729.79,498.58,507.83,3,8,1
ACC-10086,Mid-Market,Fintech,Outbound Sales,2022-Q1,21,Annual,6624.24,2066.24,2598.5,3,8,0
ACC-10087,Mid-Market,Fintech,Partner Referral,2024-Q2,17,Annual,5741.75,3042.18,3571.42,1,6,1
ACC-10088,Enterprise,Fintech,Paid Ads,2024-Q2,11,Annual,21805.02,11145.08,13920.86,1,9,0
ACC-10089,Mid-Market,EdTech,Outbound Sales,2022-Q4,12,Annual,6792.52,2549.6,2799.72,1,6,1
ACC-10090,SMB,EdTech,Paid Ads,2022-Q4,46,Monthly,1324.17,500.55,601.29,2,5,1
ACC-10091,Mid-Market,HealthTech,Paid Ads,2023-Q3,33,Monthly,7432.1,2808.75,3968.13,0,8,0
ACC-10092,Mid-Market,E-Commerce,Organic/Inbound,2024-Q2,25,Multi-Year,6303.47,3144.65,4195.49,2,6,1
ACC-10093,Mid-Market,Logistics,Organic/Inbound,2024-Q1,32,Monthly,6021.79,2867.6,4146.93,0,6,1
ACC-10094,Mid-Market,Logistics,Organic/Inbound,2024-Q1,35,Annual,6225.94,2093.77,3192.39,1,7,0
ACC-10095,Mid-Market,Logistics,Outbound Sales,2023-Q1,11,Annual,6242.41,2596.91,2842.82,2,9,0
ACC-10096,Mid-Market,HealthTech,Outbound Sales,2024-Q2,3,Monthly,4976.21,2311.79,2389.93,1,10,0
ACC-10097,SMB,EdTech,Outbound Sales,2022-Q1,46,Annual,2275.01,382.79,424.46,2,8,1
ACC-10098,SMB,HealthTech,Organic/Inbound,2022-Q1,37,Annual,1649.05,388.27,461.54,1,10,0
ACC-10099,SMB,Logistics,Partner Referral,2023-Q2,13,Monthly,1457.3,751.13,767.89,1,5,1
ACC-10100,SMB,E-Commerce,Paid Ads,2022-Q2,36,Monthly,1429.25,626.16,690.97,1,6,0
ACC-10101,Mid-Market,Fintech,Outbound Sales,2023-Q4,18,Annual,6788.98,2889.55,3448.68,2,10,0
ACC-10102,SMB,EdTech,Organic/Inbound,2024-Q1,11,Annual,1675.62,741.6,759.34,1,7,0
ACC-10103,Mid-Market,EdTech,Partner Referral,2022-Q4,34,Annual,5767.28,2344.61,3119.86,1,9,0
ACC-10104,Enterprise,HealthTech,Organic/Inbound,2023-Q1,17,Multi-Year,19389.65,9955.52,12186.72,0,7,0
ACC-10105,SMB,EdTech,Partner Referral,2023-Q4,14,Annual,1796.21,618.9,639.77,3,3,1
ACC-10106,SMB,Logistics,Outbound Sales,2022-Q3,35,Monthly,1919.53,665.58,655.1,0,5,1
ACC-10107,Mid-Market,Logistics,Outbound Sales,2023-Q1,47,Annual,7863.56,2308.67,3064.61,1,8,0
ACC-10108,SMB,HealthTech,Partner Referral,2022-Q3,16,Monthly,2209.94,592.22,620.01,1,5,0
ACC-10109,SMB,Logistics,Organic/Inbound,2024-Q2,10,Monthly,1541.09,356.56,361.85,2,5,1
ACC-10110,SMB,E-Commerce,Paid Ads,2022-Q3,10,Monthly,1367.54,521.42,557.66,4,9,0
ACC-10111,SMB,HealthTech,Organic/Inbound,2022-Q3,29,Monthly,1466.21,595.1,617.82,2,5,1
ACC-10112,Enterprise,E-Commerce,Partner Referral,2023-Q3,14,Annual,20021.54,9907.32,13488.16,0,9,0
ACC-10113,Enterprise,Fintech,Organic/Inbound,2023-Q3,3,Multi-Year,23590.39,7551.76,7978.43,0,8,0
ACC-10114,Mid-Market,E-Commerce,Organic/Inbound,2023-Q3,45,Annual,7829.66,2821.11,4154.08,1,5,0
ACC-10115,Enterprise,Fintech,Paid Ads,2024-Q2,42,Multi-Year,26464.68,9856.47,18643.02,0,8,0
ACC-10116,Enterprise,Fintech,Paid Ads,2023-Q4,44,Multi-Year,23986.85,10795.62,17623.85,0,8,0
ACC-10117,SMB,E-Commerce,Paid Ads,2023-Q1,13,Monthly,1705.88,663.02,680.04,3,8,0
ACC-10118,Enterprise,HealthTech,Partner Referral,2023-Q1,41,Multi-Year,22133.54,7923.81,13614.56,1,7,0
ACC-10119,Mid-Market,Logistics,Partner Referral,2022-Q4,45,Annual,6190.3,2740.91,3304.17,0,7,0
ACC-10120,Enterprise,Logistics,Partner Referral,2023-Q3,33,Annual,19334.67,9573.45,15512.82,1,8,0
ACC-10121,Enterprise,Fintech,Outbound Sales,2024-Q2,19,Annual,23688.52,9340.83,11260.53,0,8,0
ACC-10122,SMB,Fintech,Organic/Inbound,2022-Q4,35,Annual,2169.96,896.01,1005.51,4,3,1
ACC-10123,SMB,HealthTech,Organic/Inbound,2022-Q2,34,Annual,1819.96,505.19,548.99,1,8,0
ACC-10124,SMB,EdTech,Organic/Inbound,2022-Q4,31,Monthly,1966.19,728.67,873.61,2,7,0
ACC-10125,SMB,E-Commerce,Organic/Inbound,2023-Q4,23,Monthly,2347.05,564.31,560.2,3,5,1
ACC-10126,Enterprise,Fintech,Partner Referral,2024-Q1,23,Multi-Year,26885.74,10993.58,15660.81,0,7,0
ACC-10127,Enterprise,Logistics,Paid Ads,2022-Q3,42,Annual,23046.44,9107.58,15999.29,0,8,0
ACC-10128,SMB,HealthTech,Paid Ads,2023-Q3,25,Annual,1879.56,503.05,550.53,3,2,0
ACC-10129,Mid-Market,E-Commerce,Outbound Sales,2024-Q1,8,Monthly,6055.08,2635.24,2812.68,1,7,0
ACC-10130,SMB,HealthTech,Paid Ads,2022-Q4,24,Monthly,2091.63,795.52,841.98,3,8,1
ACC-10131,SMB,E-Commerce,Organic/Inbound,2024-Q2,40,Annual,1961.15,364.36,389.26,3,7,1
ACC-10132,SMB,E-Commerce,Organic/Inbound,2022-Q3,39,Monthly,2016.33,550.78,604.3,1,6,1
ACC-10133,SMB,Fintech,Outbound Sales,2023-Q1,47,Monthly,1923.79,509.64,594.67,4,10,0
ACC-10134,Enterprise,HealthTech,Outbound Sales,2022-Q1,10,Multi-Year,21114.62,10748.61,12607.22,0,8,0
ACC-10135,SMB,HealthTech,Organic/Inbound,2022-Q3,43,Annual,1583.92,370.94,462.39,1,8,0
ACC-10136,Mid-Market,Logistics,Outbound Sales,2023-Q4,37,Annual,5894.81,2940.7,4017.88,0,6,1
ACC-10137,Mid-Market,Logistics,Outbound Sales,2023-Q4,13,Annual,5705.96,3173.61,3696.2,0,9,0
ACC-10138,SMB,Fintech,Outbound Sales,2022-Q4,26,Monthly,1732.69,753.17,729.34,2,5,1
ACC-10139,Enterprise,Fintech,Outbound Sales,2022-Q2,23,Multi-Year,22558.56,9055.86,12391.89,0,7,0
ACC-10140,Enterprise,EdTech,Outbound Sales,2023-Q4,4,Annual,20251.29,10350.27,11147.93,0,8,0
ACC-10141,SMB,Logistics,Paid Ads,2023-Q4,42,Monthly,1878.19,644.8,745.9,2,5,0
ACC-10142,Mid-Market,E-Commerce,Paid Ads,2024-Q2,21,Annual,6604.41,2116.59,2441.8,1,8,0
ACC-10143,SMB,HealthTech,Partner Referral,2022-Q4,41,Monthly,1785.7,533.33,628.45,0,6,0
ACC-10144,SMB,Fintech,Paid Ads,2022-Q3,30,Monthly,1776.85,503.84,486.08,1,7,0
ACC-10145,SMB,HealthTech,Organic/Inbound,2022-Q2,19,Monthly,1351.7,736.96,792.62,1,8,0
ACC-10146,Mid-Market,HealthTech,Outbound Sales,2024-Q1,8,Multi-Year,5875.83,3152.46,3353.17,1,9,0
ACC-10147,Mid-Market,EdTech,Outbound Sales,2022-Q1,21,Monthly,4982.86,2796.97,3292.31,1,5,1
ACC-10148,SMB,Logistics,Organic/Inbound,2023-Q3,40,Monthly,1693.63,994.72,1332.59,2,7,1
ACC-10149,SMB,Fintech,Outbound Sales,2023-Q1,30,Annual,2031.34,795.84,934.91,1,3,1
ACC-10150,Enterprise,HealthTech,Paid Ads,2023-Q4,4,Multi-Year,21239.63,8319.53,8993.69,0,4,0
ACC-10151,SMB,Fintech,Organic/Inbound,2022-Q4,40,Monthly,1733.16,636.35,633.8,4,2,0
ACC-10152,SMB,E-Commerce,Organic/Inbound,2023-Q3,39,Annual,1278.18,442.13,532.08,2,7,0
ACC-10153,Mid-Market,EdTech,Outbound Sales,2023-Q1,6,Annual,6919.84,3398.17,3590.85,0,7,0
ACC-10154,Enterprise,E-Commerce,Paid Ads,2023-Q1,24,Annual,22672.41,9792.77,15550.92,1,8,0
ACC-10155,SMB,Fintech,Organic/Inbound,2024-Q1,28,Monthly,1739.82,680.26,793.27,2,8,1
ACC-10156,Mid-Market,Fintech,Outbound Sales,2024-Q1,45,Annual,7529.73,2315.94,3507.49,3,6,1
ACC-10157,Mid-Market,Logistics,Organic/Inbound,2024-Q1,38,Annual,8721.03,2815.88,3623.76,1,4,1
ACC-10158,SMB,HealthTech,Organic/Inbound,2023-Q2,15,Monthly,1730.15,609.63,642.7,3,10,1
ACC-10159,Mid-Market,HealthTech,Partner Referral,2023-Q2,34,Multi-Year,7163.37,3169.11,4160.41,0,8,0
ACC-10160,SMB,E-Commerce,Outbound Sales,2023-Q1,19,Monthly,1510.37,560.08,569.3,2,7,0
ACC-10161,Mid-Market,EdTech,Partner Referral,2024-Q1,43,Annual,5194.98,2638.61,3964.2,2,9,0
ACC-10162,Mid-Market,HealthTech,Paid Ads,2024-Q2,38,Annual,5622.88,3237.83,4725.56,0,10,0
ACC-10163,Mid-Market,Logistics,Paid Ads,2023-Q4,48,Annual,5465.88,2327.37,2834.74,1,9,0
ACC-10164,SMB,E-Commerce,Outbound Sales,2023-Q3,21,Monthly,1971.88,753.74,832.09,1,6,0
ACC-10165,Enterprise,E-Commerce,Organic/Inbound,2023-Q3,37,Annual,23577.44,8739.8,13725.13,0,9,0
ACC-10166,SMB,Logistics,Outbound Sales,2023-Q2,48,Monthly,1697.6,598.27,645.65,3,5,1
ACC-10167,SMB,EdTech,Paid Ads,2023-Q1,42,Monthly,1792.41,791.4,763.7,2,6,1
ACC-10168,SMB,Logistics,Outbound Sales,2022-Q4,30,Monthly,1402.44,681.61,847.41,1,7,0
ACC-10169,Mid-Market,EdTech,Partner Referral,2022-Q3,3,Annual,7167.59,2064.59,2176.03,0,10,0
ACC-10170,Mid-Market,Logistics,Organic/Inbound,2022-Q3,44,Annual,7849.04,2662.48,3896.45,0,9,0
ACC-10171,SMB,Logistics,Organic/Inbound,2023-Q2,20,Monthly,1418.28,505.42,532.54,1,4,0
ACC-10172,Mid-Market,Fintech,Outbound Sales,2022-Q4,42,Monthly,5658.76,2589.74,3671.99,1,7,0
ACC-10173,SMB,E-Commerce,Outbound Sales,2023-Q2,35,Monthly,1699.75,686.23,796.51,3,6,1
ACC-10174,Mid-Market,Logistics,Organic/Inbound,2022-Q3,14,Annual,5791.61,2864.76,3357.74,1,7,0
ACC-10175,SMB,Logistics,Paid Ads,2022-Q4,10,Monthly,2118.7,589,602.06,3,4,1
ACC-10176,Mid-Market,HealthTech,Outbound Sales,2024-Q1,26,Monthly,6365.95,2875.76,3648.38,1,7,0
ACC-10177,SMB,E-Commerce,Organic/Inbound,2023-Q1,18,Monthly,2319.26,474.76,498.76,3,6,1
ACC-10178,Enterprise,HealthTech,Partner Referral,2023-Q3,6,Annual,22400.79,11574.42,13036.85,0,7,0
ACC-10179,SMB,E-Commerce,Organic/Inbound,2024-Q2,40,Monthly,1739.84,478.13,564.51,2,1,1
ACC-10180,SMB,HealthTech,Organic/Inbound,2022-Q2,46,Monthly,2178.82,731.52,786.2,1,8,0
ACC-10181,SMB,Logistics,Partner Referral,2023-Q1,29,Monthly,1850.13,605.76,721.41,1,5,0
ACC-10182,Enterprise,Logistics,Outbound Sales,2024-Q1,11,Multi-Year,24411.04,9935.05,11421.33,1,6,0
ACC-10183,Enterprise,Fintech,Organic/Inbound,2022-Q3,18,Multi-Year,22838.82,9253.44,12572.19,0,7,0
ACC-10184,SMB,HealthTech,Partner Referral,2024-Q1,14,Annual,1683.04,341.02,344.68,3,6,1
ACC-10185,Mid-Market,EdTech,Outbound Sales,2023-Q2,33,Annual,5519.14,3314.59,4464.92,0,8,0
ACC-10186,Enterprise,Fintech,Organic/Inbound,2022-Q4,26,Multi-Year,23586.96,8586.77,12093.75,1,9,0
ACC-10187,Mid-Market,HealthTech,Organic/Inbound,2023-Q3,16,Annual,5575.93,2632.04,2940.87,0,5,1
ACC-10188,Mid-Market,HealthTech,Organic/Inbound,2023-Q4,47,Annual,7704.39,3046.07,4498,0,7,0
ACC-10189,SMB,Fintech,Organic/Inbound,2023-Q2,27,Monthly,1820.86,885.25,901.38,3,6,1
ACC-10190,SMB,Logistics,Partner Referral,2023-Q1,36,Annual,2038.28,820.02,969.35,3,5,0
ACC-10191,Enterprise,HealthTech,Organic/Inbound,2023-Q2,5,Annual,19075.27,9325.83,10166.32,0,9,1
ACC-10192,Enterprise,Logistics,Outbound Sales,2023-Q1,26,Multi-Year,21886.13,8725.49,12578.38,1,8,1
ACC-10193,Mid-Market,Fintech,Partner Referral,2023-Q4,44,Annual,6057.6,3477.57,5246.15,0,7,0
ACC-10194,SMB,Logistics,Outbound Sales,2022-Q1,11,Annual,1806.51,458.04,473.95,1,6,0
ACC-10195,SMB,E-Commerce,Paid Ads,2023-Q3,28,Monthly,1934.07,658.29,700.99,2,7,0
ACC-10196,Mid-Market,EdTech,Paid Ads,2024-Q2,22,Monthly,5655.51,3226.17,3871.46,3,9,0
ACC-10197,Enterprise,HealthTech,Paid Ads,2024-Q2,42,Multi-Year,23971.96,9815.7,15721.32,0,8,0
ACC-10198,Enterprise,EdTech,Paid Ads,2022-Q2,12,Annual,22159.63,8133.94,10415.51,0,9,0
ACC-10199,Mid-Market,Logistics,Partner Referral,2024-Q1,21,Multi-Year,6060.04,3043.94,3788.64,0,8,0
ACC-10200,Mid-Market,HealthTech,Organic/Inbound,2022-Q1,5,Annual,6719.09,2284.95,2413.76,0,7,0
ACC-10201,SMB,Logistics,Organic/Inbound,2024-Q2,26,Monthly,1808.09,653.54,637.82,1,7,0
ACC-10202,SMB,E-Commerce,Outbound Sales,2023-Q2,7,Annual,1295.89,758.18,787.24,1,8,0
ACC-10203,Enterprise,Fintech,Partner Referral,2024-Q1,5,Multi-Year,20380.52,8224.03,9003.94,1,10,0
ACC-10204,Mid-Market,HealthTech,Partner Referral,2022-Q1,29,Monthly,6685.77,2529.77,3379.56,0,10,0
ACC-10205,SMB,E-Commerce,Organic/Inbound,2022-Q4,18,Monthly,1886.86,464.87,505.87,3,7,1
ACC-10206,SMB,E-Commerce,Outbound Sales,2022-Q4,17,Monthly,1834.36,627.12,659.99,0,5,1
ACC-10207,Mid-Market,HealthTech,Outbound Sales,2024-Q1,37,Annual,6849.57,2844.07,3998.1,0,8,0
ACC-10208,SMB,Logistics,Outbound Sales,2023-Q1,14,Monthly,2132.27,486.4,501.1,1,9,0
ACC-10209,SMB,E-Commerce,Outbound Sales,2023-Q1,43,Monthly,1497.38,580.76,736.01,1,6,1
ACC-10210,Mid-Market,EdTech,Paid Ads,2023-Q2,46,Annual,4728.66,2637.23,4033.34,2,4,1
ACC-10211,Mid-Market,E-Commerce,Partner Referral,2022-Q1,28,Annual,6145.34,2735.63,4047.36,4,9,0
ACC-10212,Mid-Market,Logistics,Paid Ads,2022-Q1,36,Annual,6806.18,2818.38,3718.85,1,8,0
ACC-10213,SMB,Logistics,Outbound Sales,2024-Q1,25,Monthly,1999.36,447.76,474.63,0,8,1
ACC-10214,Mid-Market,EdTech,Outbound Sales,2022-Q3,33,Annual,5542.02,3282.13,4064.67,1,7,0
ACC-10215,SMB,E-Commerce,Outbound Sales,2022-Q4,22,Monthly,1867.31,513.14,548.89,4,3,0
ACC-10216,SMB,Logistics,Outbound Sales,2022-Q1,14,Monthly,1966.29,744.36,791.08,1,6,1
ACC-10217,Mid-Market,HealthTech,Outbound Sales,2024-Q1,25,Annual,6615.04,2103.83,2547.83,0,7,0
ACC-10218,Mid-Market,Fintech,Outbound Sales,2023-Q4,6,Annual,5796.4,3262.77,3457.72,1,9,0
ACC-10219,Enterprise,Fintech,Organic/Inbound,2022-Q2,25,Multi-Year,18433.31,9661.3,13827.74,1,7,0
ACC-10220,Mid-Market,Fintech,Partner Referral,2023-Q4,3,Multi-Year,6039.33,2936.18,3075.5,0,9,0
ACC-10221,Mid-Market,E-Commerce,Paid Ads,2023-Q3,27,Annual,6016.55,2404.73,3380.81,1,9,0
ACC-10222,SMB,EdTech,Paid Ads,2023-Q2,4,Monthly,1183.67,952.96,968.72,0,6,0
ACC-10223,SMB,Logistics,Partner Referral,2022-Q1,32,Annual,1955.72,453.38,521.57,2,5,0
ACC-10224,SMB,HealthTech,Outbound Sales,2023-Q3,5,Monthly,2044.95,598.11,597.51,2,6,1
ACC-10225,SMB,HealthTech,Outbound Sales,2024-Q2,23,Monthly,1550.25,389.03,377.55,3,8,0
ACC-10226,Enterprise,E-Commerce,Partner Referral,2023-Q3,27,Annual,20210.5,9207.03,13358.48,0,8,0
ACC-10227,SMB,Fintech,Outbound Sales,2024-Q1,22,Annual,1513.35,655.4,707.79,0,7,0
ACC-10228,Enterprise,E-Commerce,Organic/Inbound,2022-Q1,24,Multi-Year,17713.86,9688.21,12026.94,1,8,0
ACC-10229,Mid-Market,EdTech,Organic/Inbound,2022-Q2,23,Annual,5647.21,3120.06,3874.15,1,5,0
ACC-10230,Mid-Market,EdTech,Paid Ads,2024-Q1,35,Monthly,5561.61,2106.13,2729.02,0,9,1
ACC-10231,Mid-Market,Logistics,Paid Ads,2024-Q1,40,Multi-Year,6538.99,1910.39,2629.33,1,7,0
ACC-10232,Mid-Market,Logistics,Organic/Inbound,2023-Q2,17,Annual,6155.75,2397.74,2555.69,1,5,0
ACC-10233,Mid-Market,EdTech,Outbound Sales,2023-Q2,48,Monthly,6501.79,3506.52,4519.2,0,7,0
ACC-10234,SMB,EdTech,Outbound Sales,2022-Q4,17,Monthly,1836.26,469.68,489.84,1,8,0
ACC-10235,Mid-Market,EdTech,Organic/Inbound,2022-Q4,48,Monthly,6442.08,3210.46,4042.61,1,8,1
ACC-10236,SMB,E-Commerce,Paid Ads,2023-Q1,27,Annual,1684.39,732.13,857.16,5,9,0
ACC-10237,SMB,EdTech,Outbound Sales,2022-Q3,23,Monthly,2215.74,628.19,649.98,2,7,0
ACC-10238,Mid-Market,HealthTech,Partner Referral,2022-Q1,26,Annual,5817.97,2829.15,3825.25,4,6,1
ACC-10239,SMB,Fintech,Paid Ads,2022-Q1,7,Monthly,1524.14,817.37,837.11,0,6,0
ACC-10240,Enterprise,EdTech,Partner Referral,2023-Q3,8,Multi-Year,21172.88,9503.19,11287.26,2,6,1
ACC-10241,Enterprise,Fintech,Organic/Inbound,2022-Q1,45,Annual,19223.61,7950.04,14917.26,0,6,0
ACC-10242,Enterprise,E-Commerce,Organic/Inbound,2022-Q1,46,Multi-Year,24859.19,10722.14,18445.12,0,8,0
ACC-10243,SMB,Fintech,Paid Ads,2022-Q3,25,Monthly,1431.28,768.46,869.96,2,7,0
ACC-10244,SMB,E-Commerce,Partner Referral,2024-Q2,6,Monthly,1542.65,575.1,584.62,3,4,1
ACC-10245,Enterprise,HealthTech,Outbound Sales,2022-Q4,29,Multi-Year,24899.41,10116.42,15737.02,0,8,0
ACC-10246,SMB,E-Commerce,Organic/Inbound,2022-Q4,20,Annual,1924.58,520.71,505,3,3,0
ACC-10247,Enterprise,E-Commerce,Outbound Sales,2022-Q2,23,Multi-Year,22229.59,10575.67,13652.66,1,9,0
ACC-10248,Enterprise,Logistics,Paid Ads,2022-Q1,30,Multi-Year,18963.96,10047.49,17598.18,0,9,0
ACC-10249,Enterprise,EdTech,Paid Ads,2022-Q3,37,Multi-Year,23508.63,9631.73,16958.19,0,7,0
ACC-10250,SMB,EdTech,Partner Referral,2022-Q4,24,Monthly,1818.8,861.96,917.13,3,9,0
ACC-10251,SMB,HealthTech,Partner Referral,2022-Q3,42,Annual,2146.66,630.51,772.63,3,6,0
ACC-10252,Enterprise,HealthTech,Outbound Sales,2023-Q4,25,Multi-Year,22744.51,12023.12,17453.56,0,8,0
ACC-10253,SMB,EdTech,Outbound Sales,2024-Q2,5,Annual,1615.58,508.75,515.6,3,6,0
ACC-10254,SMB,Logistics,Organic/Inbound,2022-Q1,42,Annual,1965.83,550.65,605,1,5,0
ACC-10255,Mid-Market,EdTech,Paid Ads,2022-Q2,12,Annual,7542.45,2593.36,2765.56,1,7,0
ACC-10256,Enterprise,Logistics,Outbound Sales,2023-Q3,27,Multi-Year,22476.06,8677.08,11884.78,2,10,0
ACC-10257,Mid-Market,HealthTech,Organic/Inbound,2022-Q4,10,Annual,7125.69,2306.04,2505.9,2,7,0
ACC-10258,Mid-Market,Fintech,Paid Ads,2023-Q4,13,Annual,6063.12,2850.4,3533.76,0,7,0
ACC-10259,SMB,HealthTech,Partner Referral,2022-Q3,7,Annual,2021.31,438.91,463.72,2,6,0
ACC-10260,Mid-Market,HealthTech,Outbound Sales,2023-Q2,47,Annual,5787.26,3087.7,5218.57,1,7,0
ACC-10261,Enterprise,E-Commerce,Paid Ads,2024-Q1,39,Annual,23819.28,12158.35,22519.09,0,9,0
ACC-10262,SMB,E-Commerce,Paid Ads,2022-Q1,47,Monthly,1919.55,588.03,657.58,2,5,1
ACC-10263,Mid-Market,E-Commerce,Organic/Inbound,2022-Q1,40,Multi-Year,6636.48,2656.16,3510.56,0,5,0
ACC-10264,Enterprise,E-Commerce,Paid Ads,2023-Q4,31,Multi-Year,19286.9,9174.52,15040.48,0,8,0
ACC-10265,Mid-Market,Logistics,Organic/Inbound,2022-Q3,7,Multi-Year,5478.52,3179.4,3275.29,0,8,0
ACC-10266,Mid-Market,EdTech,Outbound Sales,2023-Q1,11,Annual,6782.74,2689.15,3020.95,1,9,0
ACC-10267,Mid-Market,Fintech,Partner Referral,2022-Q1,4,Annual,7095.32,3354.62,3514.41,2,7,0
ACC-10268,SMB,HealthTech,Paid Ads,2023-Q1,3,Monthly,1733.68,500.9,504.41,0,8,0
ACC-10269,SMB,Logistics,Outbound Sales,2023-Q2,42,Monthly,1799.71,766.12,884.37,3,6,0
ACC-10270,Enterprise,Fintech,Organic/Inbound,2023-Q4,32,Multi-Year,19130.27,10413.52,17714.09,0,9,0
ACC-10271,Enterprise,Logistics,Outbound Sales,2022-Q3,13,Multi-Year,19428.69,8449.39,10750.58,0,8,0
ACC-10272,Enterprise,Logistics,Outbound Sales,2022-Q3,30,Multi-Year,26184.25,8400.18,13534.79,0,7,0
ACC-10273,Enterprise,HealthTech,Partner Referral,2024-Q2,46,Multi-Year,25065.39,8555.68,12576.56,0,10,0
ACC-10274,Mid-Market,EdTech,Paid Ads,2024-Q1,14,Annual,6370.18,2569.26,2929.56,3,9,0
ACC-10275,Mid-Market,E-Commerce,Organic/Inbound,2022-Q4,41,Monthly,7509.17,2430.68,3099.22,0,6,0
ACC-10276,Mid-Market,EdTech,Outbound Sales,2022-Q4,28,Annual,7227.44,3410.53,3593.56,1,7,0
ACC-10277,Mid-Market,HealthTech,Organic/Inbound,2023-Q3,15,Annual,6403.1,3163,3742.22,0,8,0
ACC-10278,Mid-Market,HealthTech,Outbound Sales,2022-Q2,10,Annual,5147.99,2729.27,2944.65,0,8,0
ACC-10279,Mid-Market,HealthTech,Paid Ads,2023-Q4,30,Annual,6630.56,2632.71,3966.84,1,8,1
ACC-10280,Enterprise,Fintech,Partner Referral,2023-Q2,32,Annual,22605.62,7194.68,12549.44,2,9,0
ACC-10281,SMB,EdTech,Organic/Inbound,2022-Q3,11,Monthly,2176.16,480.68,515.4,3,6,1
ACC-10282,SMB,EdTech,Paid Ads,2024-Q1,41,Monthly,1367.34,697.2,913.49,1,5,0
ACC-10283,SMB,Logistics,Paid Ads,2023-Q1,33,Monthly,1798.38,465.96,551.81,2,5,1
ACC-10284,Mid-Market,Logistics,Partner Referral,2023-Q4,23,Monthly,4872.85,2247.45,3089.16,1,5,0
ACC-10285,SMB,Logistics,Paid Ads,2023-Q3,36,Monthly,1930.57,850.81,1039.69,2,5,0
ACC-10286,Mid-Market,HealthTech,Organic/Inbound,2023-Q4,33,Annual,6371.04,3064.55,3849.99,2,9,0
ACC-10287,Mid-Market,EdTech,Organic/Inbound,2023-Q3,27,Annual,8051.69,3314.96,4529.23,0,8,0
ACC-10288,SMB,HealthTech,Outbound Sales,2022-Q3,14,Monthly,1905.53,678.57,710.55,2,6,1
ACC-10289,Mid-Market,Fintech,Outbound Sales,2022-Q2,3,Annual,6984.13,2563.39,2630.87,0,9,0
ACC-10290,SMB,Logistics,Organic/Inbound,2023-Q3,24,Monthly,2341.45,578.17,667.67,1,3,0
ACC-10291,SMB,HealthTech,Outbound Sales,2022-Q3,42,Monthly,2127.34,556.39,596.31,1,8,0
ACC-10292,Enterprise,HealthTech,Outbound Sales,2022-Q3,39,Annual,14761.11,9397.95,15460.8,0,8,0
ACC-10293,SMB,Fintech,Partner Referral,2022-Q2,3,Monthly,1496.46,721.57,741.92,3,5,1
ACC-10294,SMB,E-Commerce,Organic/Inbound,2022-Q4,3,Monthly,2138.9,623.53,628.99,0,6,1
ACC-10295,Mid-Market,EdTech,Organic/Inbound,2023-Q4,44,Monthly,6856.89,2425.66,3186.1,1,8,1
ACC-10296,Mid-Market,E-Commerce,Organic/Inbound,2022-Q1,44,Annual,7082.41,3065.37,4852.48,2,8,0
ACC-10297,SMB,Logistics,Organic/Inbound,2022-Q1,23,Annual,1814.46,447.75,450.84,2,7,1
ACC-10298,Mid-Market,HealthTech,Outbound Sales,2023-Q1,17,Multi-Year,5920.65,2776.93,3503.54,0,10,0
ACC-10299,SMB,Fintech,Paid Ads,2023-Q1,19,Monthly,2467.21,845.65,995.75,1,7,0
ACC-10300,SMB,Fintech,Outbound Sales,2022-Q1,24,Monthly,2174.86,663.18,748.07,0,3,1
ACC-10301,Mid-Market,EdTech,Paid Ads,2023-Q2,40,Annual,8230.48,3257.82,4265.57,3,5,0
ACC-10302,Mid-Market,E-Commerce,Organic/Inbound,2022-Q1,37,Annual,5851.15,2655.5,3742.84,0,7,0
ACC-10303,Mid-Market,EdTech,Paid Ads,2023-Q1,47,Monthly,7986.34,3263.85,5091.88,4,4,1
ACC-10304,Mid-Market,HealthTech,Paid Ads,2024-Q1,18,Annual,7341.19,3027.75,3449.21,2,8,0
ACC-10305,Enterprise,EdTech,Paid Ads,2023-Q1,10,Multi-Year,23882.31,10485.68,11942.32,1,8,0
ACC-10306,Mid-Market,Fintech,Outbound Sales,2023-Q2,19,Monthly,5240.56,2399.76,2827.98,0,8,0
ACC-10307,SMB,Fintech,Paid Ads,2023-Q4,19,Annual,1435.02,747.3,855.57,3,10,0
ACC-10308,Mid-Market,Logistics,Outbound Sales,2022-Q1,28,Annual,6562.06,2014.29,2778.51,0,7,0
ACC-10309,SMB,Logistics,Outbound Sales,2022-Q2,15,Annual,2061.27,842.07,884.81,4,5,1
ACC-10310,SMB,HealthTech,Outbound Sales,2024-Q1,19,Monthly,1629.52,700.77,766.57,1,5,0
ACC-10311,SMB,E-Commerce,Paid Ads,2022-Q3,40,Monthly,1652.02,359.11,375.99,1,9,1
ACC-10312,SMB,EdTech,Organic/Inbound,2023-Q2,19,Annual,1781.96,399.57,446.89,0,7,0
ACC-10313,Enterprise,HealthTech,Outbound Sales,2023-Q1,16,Multi-Year,27302.56,9226.16,10006.08,1,10,0
ACC-10314,Enterprise,Logistics,Paid Ads,2022-Q2,47,Multi-Year,22343.31,11190.71,25220.78,1,8,0
ACC-10315,Mid-Market,EdTech,Organic/Inbound,2023-Q3,8,Multi-Year,5958.24,3299.91,3638.92,0,7,0
ACC-10316,SMB,Logistics,Outbound Sales,2022-Q4,37,Annual,1862.54,689.95,862.48,2,5,0
ACC-10317,SMB,EdTech,Partner Referral,2022-Q1,48,Annual,1747.19,629.48,882.28,1,8,0
ACC-10318,SMB,E-Commerce,Paid Ads,2022-Q4,16,Monthly,1915.15,735.22,738.06,0,7,0
ACC-10319,SMB,HealthTech,Paid Ads,2023-Q2,10,Monthly,1827.71,509.96,544.47,2,5,1
ACC-10320,Mid-Market,EdTech,Organic/Inbound,2023-Q3,17,Annual,6344.57,2641.47,2990.61,1,9,0
ACC-10321,Mid-Market,Fintech,Outbound Sales,2023-Q3,29,Annual,6740.36,3129.69,3537.36,0,6,0
ACC-10322,Mid-Market,Fintech,Organic/Inbound,2023-Q3,15,Annual,7892.21,2515.56,2774.98,0,7,0
ACC-10323,SMB,EdTech,Paid Ads,2022-Q3,33,Monthly,2094.12,659.96,687,1,5,1
ACC-10324,Enterprise,EdTech,Partner Referral,2023-Q2,37,Multi-Year,22259.9,11972.7,18466.19,0,10,0
ACC-10325,Mid-Market,EdTech,Outbound Sales,2023-Q4,8,Annual,6095.42,3270.68,3562.42,0,8,0
ACC-10326,Mid-Market,Fintech,Paid Ads,2022-Q4,7,Annual,5658.6,1894.51,2065.92,0,8,0
ACC-10327,Mid-Market,Fintech,Organic/Inbound,2023-Q4,24,Annual,5216.6,2272.15,2649.78,0,10,0
ACC-10328,SMB,EdTech,Outbound Sales,2022-Q2,25,Monthly,1889.78,498.25,551.09,1,4,0
ACC-10329,SMB,Logistics,Paid Ads,2024-Q2,27,Annual,1729.14,651.37,671.74,3,9,0
ACC-10330,SMB,Logistics,Organic/Inbound,2024-Q1,36,Annual,2027.45,399,486.62,2,6,0
ACC-10331,Mid-Market,E-Commerce,Partner Referral,2024-Q1,28,Annual,6980.63,2180.85,2713.63,1,8,0
ACC-10332,SMB,HealthTech,Paid Ads,2023-Q4,7,Monthly,1991.85,692.59,706.85,2,4,1
ACC-10333,SMB,Logistics,Organic/Inbound,2024-Q2,28,Monthly,2098.46,585.98,729.82,2,3,1
ACC-10334,SMB,Fintech,Partner Referral,2024-Q2,22,Annual,2398.11,458.25,441.78,1,5,0
ACC-10335,SMB,Logistics,Partner Referral,2022-Q1,8,Annual,1703,602.17,625.98,0,5,1
ACC-10336,Enterprise,E-Commerce,Outbound Sales,2022-Q2,8,Annual,22486.03,10728.65,11945.99,0,5,1
ACC-10337,Mid-Market,E-Commerce,Organic/Inbound,2023-Q2,20,Monthly,7036.65,3801.19,4559.53,1,8,0
ACC-10338,Mid-Market,HealthTech,Paid Ads,2024-Q2,6,Multi-Year,5616.5,2332.44,2493.49,0,9,0
ACC-10339,SMB,Logistics,Partner Referral,2023-Q1,19,Monthly,1755.87,303.94,328.29,2,10,0
ACC-10340,Mid-Market,Fintech,Paid Ads,2024-Q1,16,Monthly,5801.89,2992.54,3364.41,0,9,0
ACC-10341,Mid-Market,Fintech,Outbound Sales,2023-Q1,16,Annual,5973.94,2936.72,3399.16,2,10,0
ACC-10342,SMB,EdTech,Organic/Inbound,2022-Q2,15,Annual,1788.54,484.29,518.19,4,5,1
ACC-10343,SMB,Fintech,Paid Ads,2024-Q2,9,Monthly,2058.36,711.28,726.48,1,10,0
ACC-10344,SMB,HealthTech,Partner Referral,2022-Q4,46,Monthly,2052.8,640.74,678.57,2,7,1
ACC-10345,Mid-Market,HealthTech,Partner Referral,2024-Q1,17,Annual,6761.12,3296.21,3481.13,1,8,0
ACC-10346,Mid-Market,Fintech,Organic/Inbound,2022-Q1,21,Annual,4183.83,2791.84,3683.48,0,10,1
ACC-10347,SMB,Fintech,Outbound Sales,2022-Q1,45,Annual,1945.93,559.63,611.26,2,9,0
ACC-10348,SMB,EdTech,Organic/Inbound,2023-Q3,46,Monthly,1622.34,908.77,876.72,1,5,0
ACC-10349,Mid-Market,Fintech,Outbound Sales,2022-Q3,37,Annual,4208.23,2044.65,2472.08,0,7,0
ACC-10350,Mid-Market,EdTech,Outbound Sales,2024-Q2,19,Annual,7137.21,3118.45,3740.58,0,8,0
ACC-10351,Enterprise,EdTech,Partner Referral,2022-Q2,37,Multi-Year,17730.88,9199.1,16553.86,1,10,0
ACC-10352,Mid-Market,Fintech,Outbound Sales,2024-Q1,21,Multi-Year,6432.38,2049.2,2700.44,0,7,0
ACC-10353,SMB,E-Commerce,Paid Ads,2022-Q3,22,Annual,1718.57,628.92,675.96,4,6,1
ACC-10354,SMB,E-Commerce,Partner Referral,2022-Q2,38,Annual,2467.47,822.84,986.74,0,3,0
ACC-10355,Mid-Market,EdTech,Paid Ads,2023-Q4,37,Annual,6984.82,2665.35,3330.2,1,7,0
ACC-10356,SMB,Fintech,Outbound Sales,2024-Q2,34,Monthly,1819.24,554.01,659.18,0,8,0
ACC-10357,Mid-Market,E-Commerce,Partner Referral,2023-Q2,46,Annual,5484.81,2854.26,3890.4,3,5,1
ACC-10358,Enterprise,Fintech,Outbound Sales,2023-Q2,42,Annual,24493.16,8842.29,12998.61,1,7,0
ACC-10359,Mid-Market,Fintech,Organic/Inbound,2024-Q2,26,Monthly,4909.62,2038.67,2426.05,3,10,1
ACC-10360,SMB,Fintech,Partner Referral,2023-Q3,19,Monthly,1822.41,755.25,813.13,4,7,1
ACC-10361,Mid-Market,Logistics,Partner Referral,2023-Q3,9,Multi-Year,6646.57,2576.34,2877.39,1,8,0
ACC-10362,Mid-Market,Fintech,Organic/Inbound,2023-Q2,45,Annual,6911.41,3275.73,4313.73,1,5,0
ACC-10363,Mid-Market,Logistics,Paid Ads,2022-Q4,3,Annual,6363.22,3532.1,3599.39,0,7,0
ACC-10364,Enterprise,EdTech,Outbound Sales,2024-Q1,37,Multi-Year,19660.55,9815.62,17693.55,0,8,0
ACC-10365,SMB,E-Commerce,Partner Referral,2023-Q2,34,Monthly,1403.69,533.99,621.29,1,8,0
ACC-10366,Enterprise,E-Commerce,Partner Referral,2022-Q4,38,Multi-Year,25733.69,12042.77,20489.77,1,7,0
ACC-10367,Enterprise,E-Commerce,Paid Ads,2022-Q3,15,Annual,25823.73,10750.22,13909.44,0,10,0
ACC-10368,SMB,E-Commerce,Outbound Sales,2022-Q4,8,Monthly,1867.18,520.34,540.01,2,5,1
ACC-10369,SMB,E-Commerce,Outbound Sales,2022-Q3,16,Monthly,1428.96,533.24,546.54,2,7,0
ACC-10370,SMB,E-Commerce,Outbound Sales,2022-Q2,39,Monthly,1232.66,626.92,603.9,1,5,1
ACC-10371,SMB,E-Commerce,Organic/Inbound,2023-Q1,17,Annual,2046.64,432.6,457.48,4,10,1
ACC-10372,SMB,EdTech,Paid Ads,2022-Q2,6,Monthly,1793.19,589.3,597.55,1,7,0
ACC-10373,Mid-Market,Fintech,Partner Referral,2023-Q2,42,Annual,7122.28,3037.8,3837.35,1,9,0
ACC-10374,SMB,HealthTech,Organic/Inbound,2022-Q3,18,Monthly,2597.1,620.73,625.11,1,10,0
ACC-10375,SMB,Logistics,Outbound Sales,2023-Q2,30,Monthly,1215.87,465.88,445.03,3,7,0
ACC-10376,Enterprise,HealthTech,Organic/Inbound,2024-Q2,18,Multi-Year,19469.81,12014.78,16459.05,0,7,0
ACC-10377,SMB,HealthTech,Paid Ads,2024-Q1,6,Annual,2316.72,629.95,633.32,1,8,0
ACC-10378,Enterprise,Fintech,Organic/Inbound,2022-Q1,47,Multi-Year,22182.37,10967.57,19842.34,1,10,0
ACC-10379,SMB,Fintech,Organic/Inbound,2023-Q2,28,Monthly,1940.84,692.51,774.11,2,6,1
ACC-10380,SMB,Fintech,Partner Referral,2024-Q1,30,Annual,1526.23,599.07,655.53,3,7,0
ACC-10381,Mid-Market,E-Commerce,Partner Referral,2022-Q4,34,Annual,7356.08,2866.71,3951.86,1,8,0
ACC-10382,Mid-Market,EdTech,Outbound Sales,2022-Q2,47,Monthly,7856.38,3081.63,4423.78,0,8,0
ACC-10383,Enterprise,E-Commerce,Outbound Sales,2022-Q4,4,Multi-Year,21018.6,9753.54,10310.79,1,9,0
ACC-10384,Mid-Market,EdTech,Organic/Inbound,2022-Q1,33,Annual,6843.29,3118.42,3963.98,0,6,1
ACC-10385,Enterprise,EdTech,Outbound Sales,2022-Q3,5,Multi-Year,24779.16,9513.16,10362.61,0,9,0
ACC-10386,SMB,HealthTech,Paid Ads,2024-Q2,10,Monthly,2063.58,499.14,524.68,2,4,1
ACC-10387,SMB,HealthTech,Outbound Sales,2024-Q1,26,Annual,1789.67,368.59,349.9,3,6,1
ACC-10388,Mid-Market,EdTech,Organic/Inbound,2024-Q2,17,Annual,6759.84,2844.65,3173.89,1,9,0
ACC-10389,Enterprise,EdTech,Outbound Sales,2023-Q1,45,Annual,24762.34,9042.79,16255.55,0,7,0
ACC-10390,Enterprise,E-Commerce,Organic/Inbound,2023-Q2,33,Multi-Year,23231.41,8949.61,13714.38,1,9,0
ACC-10391,SMB,E-Commerce,Partner Referral,2022-Q3,11,Monthly,1327.38,562.93,585.79,0,8,0
ACC-10392,SMB,HealthTech,Outbound Sales,2023-Q1,41,Monthly,2150.28,600.29,579.78,2,7,0
ACC-10393,Mid-Market,Fintech,Outbound Sales,2023-Q4,47,Annual,5342.48,3303.48,4440.79,0,5,1
ACC-10394,SMB,EdTech,Paid Ads,2023-Q2,4,Monthly,2084.1,462.79,475.78,1,8,0
ACC-10395,Enterprise,E-Commerce,Partner Referral,2022-Q4,10,Multi-Year,21947.74,10412.17,12919.77,0,9,0
ACC-10396,Enterprise,HealthTech,Outbound Sales,2022-Q2,9,Multi-Year,24975.93,10722.39,11528.18,0,8,0
ACC-10397,SMB,E-Commerce,Paid Ads,2024-Q1,46,Annual,1474.25,917.13,1069.36,1,7,0
ACC-10398,Mid-Market,EdTech,Outbound Sales,2022-Q1,41,Annual,5776.58,2581.8,3402.17,4,9,0
ACC-10399,Mid-Market,EdTech,Organic/Inbound,2022-Q1,44,Multi-Year,5234.55,3117.67,4232.24,1,7,0
ACC-10400,SMB,Logistics,Paid Ads,2022-Q4,18,Monthly,1610.66,640.96,654.8,2,9,0
ACC-10401,Enterprise,Fintech,Organic/Inbound,2023-Q3,37,Multi-Year,22472.94,8356.35,14068.54,2,7,1
ACC-10402,Mid-Market,Logistics,Partner Referral,2022-Q1,32,Annual,7256.06,2854.7,3406.61,2,7,0
ACC-10403,Enterprise,HealthTech,Outbound Sales,2024-Q1,12,Annual,24635.09,10340.68,13290.88,1,8,0
ACC-10404,SMB,E-Commerce,Partner Referral,2022-Q4,40,Monthly,1573.46,672.96,793.87,2,8,1
ACC-10405,Enterprise,HealthTech,Outbound Sales,2022-Q3,20,Multi-Year,21257.82,10910.03,14319.41,0,9,0
ACC-10406,SMB,EdTech,Partner Referral,2022-Q1,7,Annual,1802.57,649.63,665.24,1,8,0
ACC-10407,SMB,Logistics,Organic/Inbound,2024-Q2,31,Monthly,1889,416.96,513.04,1,7,0
ACC-10408,Enterprise,Logistics,Partner Referral,2022-Q4,41,Multi-Year,25643.72,10464.93,21202.21,0,9,0
ACC-10409,SMB,Logistics,Outbound Sales,2024-Q1,36,Monthly,1496.24,633.54,778.18,3,6,1
ACC-10410,SMB,HealthTech,Outbound Sales,2024-Q2,45,Monthly,2342.66,684.12,740.56,0,9,0
ACC-10411,Enterprise,EdTech,Paid Ads,2023-Q2,47,Annual,20297.83,7246.19,14347.09,0,6,0
ACC-10412,Enterprise,E-Commerce,Paid Ads,2023-Q2,25,Annual,20016.76,10019.41,14089.8,0,8,0
ACC-10413,Mid-Market,E-Commerce,Outbound Sales,2022-Q1,7,Monthly,6630.71,2419.41,2684.03,1,7,0
ACC-10414,Mid-Market,HealthTech,Paid Ads,2024-Q2,32,Annual,6409.88,2980.33,4200.28,1,7,0
ACC-10415,SMB,Logistics,Outbound Sales,2022-Q2,8,Monthly,1446.83,641.77,648.27,3,7,0
ACC-10416,SMB,Fintech,Paid Ads,2023-Q2,48,Monthly,1753.57,441.01,654.99,4,8,0
ACC-10417,SMB,HealthTech,Partner Referral,2022-Q2,46,Annual,2005.53,618.18,817.71,3,7,0
ACC-10418,Mid-Market,HealthTech,Paid Ads,2022-Q3,6,Multi-Year,6864.41,2713.38,2917.02,2,6,0
ACC-10419,Mid-Market,EdTech,Outbound Sales,2022-Q4,31,Annual,5369.91,3153.57,3681.48,0,9,0
ACC-10420,Mid-Market,E-Commerce,Paid Ads,2023-Q1,25,Multi-Year,6500.8,3273.12,3828.19,0,10,0
ACC-10421,Mid-Market,HealthTech,Outbound Sales,2024-Q1,8,Annual,7025.39,2862.7,3058.51,2,7,0
ACC-10422,SMB,HealthTech,Partner Referral,2022-Q4,34,Monthly,1735.85,809.04,817.06,2,9,1
ACC-10423,Mid-Market,Logistics,Outbound Sales,2024-Q1,44,Annual,6130.69,3043.87,5187.87,1,6,1
ACC-10424,SMB,Logistics,Organic/Inbound,2024-Q2,20,Annual,2337.84,787.35,817.4,4,7,0
ACC-10425,Mid-Market,Fintech,Partner Referral,2022-Q3,17,Annual,4874.09,2323.03,2588.28,1,7,0
ACC-10426,SMB,EdTech,Partner Referral,2023-Q4,42,Monthly,1466.95,692.15,610.03,2,5,1
ACC-10427,Enterprise,Fintech,Organic/Inbound,2022-Q1,34,Annual,20860.39,10189.9,14696.72,1,9,0
ACC-10428,SMB,Logistics,Partner Referral,2024-Q1,11,Monthly,1226.07,821.16,869.26,1,7,0
ACC-10429,SMB,E-Commerce,Partner Referral,2024-Q1,39,Monthly,1236.02,815.95,830.54,2,6,0
ACC-10430,SMB,Logistics,Organic/Inbound,2024-Q2,12,Monthly,2018.24,721.09,772.22,1,3,0
ACC-10431,Mid-Market,EdTech,Organic/Inbound,2022-Q2,22,Annual,6068.05,2265.28,3017.39,0,7,0
ACC-10432,Mid-Market,Logistics,Organic/Inbound,2022-Q4,8,Annual,6292.44,3940.31,4179.36,2,10,0
ACC-10433,SMB,EdTech,Paid Ads,2023-Q4,5,Monthly,1694.49,572.09,580.53,3,10,1
ACC-10434,SMB,EdTech,Organic/Inbound,2023-Q3,44,Monthly,2126.07,498.46,564.26,0,10,0
ACC-10435,Mid-Market,EdTech,Paid Ads,2022-Q1,13,Annual,7216.86,2560.69,3027.01,0,9,0
ACC-10436,SMB,EdTech,Outbound Sales,2023-Q1,45,Monthly,2210.09,683.11,683.62,1,1,0
ACC-10437,Enterprise,EdTech,Outbound Sales,2023-Q3,19,Annual,19139.46,8140.94,10453.37,0,8,0
ACC-10438,Mid-Market,E-Commerce,Outbound Sales,2022-Q4,34,Annual,6711.88,2611.95,3481.51,0,7,0
ACC-10439,SMB,Fintech,Outbound Sales,2022-Q1,6,Annual,1825.23,509.92,511.19,0,8,0
ACC-10440,SMB,HealthTech,Outbound Sales,2024-Q1,6,Monthly,1988.19,766.75,770.32,0,6,1
ACC-10441,Enterprise,Fintech,Organic/Inbound,2023-Q1,19,Multi-Year,23427.28,10097.52,13998.53,0,10,0
ACC-10442,SMB,EdTech,Outbound Sales,2022-Q2,43,Monthly,1993.22,623.08,699.44,1,6,1
ACC-10443,SMB,E-Commerce,Partner Referral,2023-Q4,21,Annual,1728.22,700.61,739.23,2,6,1
ACC-10444,Enterprise,Logistics,Outbound Sales,2022-Q2,7,Multi-Year,17355.95,8881.57,9497.06,1,8,0
ACC-10445,Enterprise,E-Commerce,Outbound Sales,2022-Q3,34,Multi-Year,23030.11,8539.45,14106.74,0,9,0
ACC-10446,Enterprise,EdTech,Organic/Inbound,2024-Q2,24,Annual,18553.85,10376.41,16012.88,0,7,0
ACC-10447,Mid-Market,E-Commerce,Organic/Inbound,2022-Q1,8,Annual,6333.25,2451.95,2665.92,0,7,0
ACC-10448,SMB,E-Commerce,Outbound Sales,2022-Q2,37,Annual,1701.75,766.56,685.96,2,8,0
ACC-10449,SMB,EdTech,Partner Referral,2023-Q3,24,Monthly,1602,483.72,549.99,2,3,1
ACC-10450,Mid-Market,E-Commerce,Partner Referral,2024-Q2,3,Annual,6991.93,3011.48,3106.34,0,7,0
ACC-10451,Mid-Market,HealthTech,Paid Ads,2022-Q2,22,Annual,5915,3151.08,3877.82,0,10,0
ACC-10452,SMB,HealthTech,Paid Ads,2023-Q2,24,Monthly,1882.42,532.86,555.56,2,8,1
ACC-10453,Enterprise,E-Commerce,Partner Referral,2022-Q3,13,Annual,23287,9808.98,12781.18,0,9,0
ACC-10454,SMB,Logistics,Organic/Inbound,2022-Q4,15,Monthly,1385.75,771.7,752.6,1,4,1
ACC-10455,Mid-Market,EdTech,Paid Ads,2023-Q4,44,Annual,7039.01,2579.61,3463.04,0,6,0
ACC-10456,SMB,HealthTech,Partner Referral,2022-Q3,5,Annual,1739.07,522.24,533.82,4,3,1
ACC-10457,Mid-Market,Logistics,Outbound Sales,2024-Q2,11,Multi-Year,6895.68,2920.23,3398.86,0,4,0
ACC-10458,SMB,E-Commerce,Paid Ads,2023-Q2,14,Monthly,1577.03,484.23,484.79,1,5,1
ACC-10459,SMB,Logistics,Outbound Sales,2022-Q1,25,Monthly,1747.49,719.58,757.51,2,7,0
ACC-10460,SMB,Fintech,Organic/Inbound,2023-Q3,16,Annual,1776.18,676.37,725.97,1,4,0
ACC-10461,Mid-Market,HealthTech,Organic/Inbound,2023-Q4,35,Annual,6489.11,2648,3943.2,0,6,1
ACC-10462,Mid-Market,E-Commerce,Organic/Inbound,2023-Q4,20,Annual,7556.74,2970.71,3416.32,0,7,0
ACC-10463,Mid-Market,EdTech,Outbound Sales,2022-Q3,43,Monthly,6517.71,2594.82,4365.18,1,10,0
ACC-10464,Enterprise,E-Commerce,Outbound Sales,2024-Q2,11,Multi-Year,24348.99,7654.46,8907.62,1,10,0
ACC-10465,SMB,EdTech,Paid Ads,2022-Q1,25,Monthly,1817.29,521.6,544.31,2,7,1
ACC-10466,SMB,E-Commerce,Organic/Inbound,2024-Q1,12,Monthly,1486.81,688.92,716.41,1,10,0
ACC-10467,Enterprise,Logistics,Paid Ads,2023-Q2,21,Annual,20164.22,12689.01,19572.8,1,8,0
ACC-10468,SMB,Logistics,Outbound Sales,2024-Q1,7,Annual,1763.16,614.37,616.63,1,8,0
ACC-10469,Enterprise,Logistics,Partner Referral,2023-Q3,25,Annual,20994.99,10365.47,13559.33,0,8,0
ACC-10470,SMB,Fintech,Outbound Sales,2022-Q1,32,Monthly,1587.97,654.49,688.87,4,4,1
ACC-10471,Enterprise,EdTech,Partner Referral,2022-Q1,27,Multi-Year,25522.95,8915.09,13961.92,0,8,0
ACC-10472,SMB,Logistics,Outbound Sales,2023-Q2,30,Monthly,1563.39,806.01,905.75,4,5,0
ACC-10473,Enterprise,Fintech,Organic/Inbound,2023-Q1,36,Annual,19495.63,8926.98,15319.59,1,8,0
ACC-10474,Mid-Market,EdTech,Outbound Sales,2024-Q1,47,Annual,6724.1,2018.13,2737.43,0,7,0
ACC-10475,Enterprise,E-Commerce,Partner Referral,2022-Q2,27,Annual,24962.55,7975.63,11613.12,0,10,0
ACC-10476,SMB,Fintech,Paid Ads,2023-Q4,12,Monthly,1716.3,615.29,663.71,2,6,1
ACC-10477,Mid-Market,HealthTech,Outbound Sales,2023-Q1,16,Multi-Year,6317.12,2721.07,2999.71,1,7,0
ACC-10478,Enterprise,Fintech,Paid Ads,2022-Q2,44,Multi-Year,21915.64,9395.4,19809.57,0,10,0
ACC-10479,Mid-Market,Fintech,Outbound Sales,2024-Q2,48,Monthly,5607.5,2793.61,4275.34,0,9,0
ACC-10480,Mid-Market,EdTech,Outbound Sales,2023-Q2,32,Annual,6748.95,2389.4,3017.65,0,7,0
ACC-10481,Mid-Market,E-Commerce,Partner Referral,2024-Q2,43,Annual,6931.24,3025.44,4627.76,0,8,0
ACC-10482,Mid-Market,HealthTech,Paid Ads,2023-Q4,27,Monthly,6387.85,2839.23,3925.87,3,8,1
ACC-10483,Mid-Market,Logistics,Organic/Inbound,2022-Q4,16,Multi-Year,8037.46,1645.31,1864.9,1,7,0
ACC-10484,Mid-Market,Logistics,Organic/Inbound,2022-Q2,37,Monthly,7095.49,3061.92,4213.71,4,8,0
ACC-10485,Enterprise,Fintech,Organic/Inbound,2023-Q1,36,Multi-Year,23392.12,7061.21,10734.45,0,9,0
ACC-10486,SMB,EdTech,Outbound Sales,2022-Q2,12,Monthly,2067.99,619.46,625.1,2,6,0
ACC-10487,SMB,EdTech,Outbound Sales,2022-Q2,37,Monthly,2117.59,357.81,362.55,0,7,0
ACC-10488,Enterprise,Logistics,Organic/Inbound,2023-Q2,13,Annual,23300.95,9413.96,11637.22,1,10,0
ACC-10489,Enterprise,HealthTech,Partner Referral,2024-Q2,13,Multi-Year,21816.04,10672.75,12979.4,0,9,0
ACC-10490,Mid-Market,E-Commerce,Outbound Sales,2024-Q1,23,Annual,7283.81,3329.93,3914.55,1,7,0
ACC-10491,Mid-Market,HealthTech,Outbound Sales,2022-Q4,23,Annual,4958.26,3742.84,4305.98,1,6,0
ACC-10492,SMB,E-Commerce,Paid Ads,2023-Q2,24,Annual,2057.31,340.1,405.88,2,8,0
ACC-10493,SMB,Logistics,Partner Referral,2023-Q3,47,Annual,1583.56,682.15,798.91,1,5,0
ACC-10494,Mid-Market,E-Commerce,Outbound Sales,2023-Q2,9,Annual,5347.41,2381.14,2607.94,0,8,0
ACC-10495,SMB,EdTech,Paid Ads,2023-Q4,19,Monthly,1726.79,768.8,739.83,5,7,1
ACC-10496,Mid-Market,Fintech,Partner Referral,2022-Q4,4,Annual,5950.1,3355.41,3590.4,1,7,0
ACC-10497,SMB,Fintech,Outbound Sales,2022-Q1,14,Annual,2074.3,439.51,418.44,1,6,0
ACC-10498,Enterprise,Logistics,Outbound Sales,2023-Q3,44,Annual,20664.75,9753.35,14638.48,0,8,0
ACC-10499,Enterprise,EdTech,Organic/Inbound,2022-Q3,20,Multi-Year,19978.05,8369.54,11628.08,0,9,0
ACC-10500,Mid-Market,HealthTech,Partner Referral,2023-Q2,13,Annual,6677.44,2952.93,3394.07,0,7,0
ACC-10501,Mid-Market,EdTech,Outbound Sales,2022-Q2,18,Annual,7373.11,3112.98,4080.49,1,8,0
ACC-10502,SMB,Fintech,Paid Ads,2024-Q1,20,Monthly,1925.97,615.11,664.11,3,7,0
ACC-10503,Enterprise,Fintech,Paid Ads,2022-Q1,37,Annual,19504.91,9469.27,13334.94,0,7,0
ACC-10504,Mid-Market,EdTech,Paid Ads,2023-Q2,28,Monthly,6571.62,2826.88,3362.48,0,6,0
ACC-10505,SMB,EdTech,Organic/Inbound,2023-Q2,18,Monthly,2438.94,759.05,811.88,2,8,1
ACC-10506,Enterprise,Fintech,Paid Ads,2023-Q1,8,Annual,21686.81,10705.09,12178.82,0,7,0
ACC-10507,Enterprise,HealthTech,Paid Ads,2023-Q1,46,Annual,19435.89,8976.18,19051.04,0,8,1
ACC-10508,Enterprise,Logistics,Paid Ads,2022-Q1,45,Multi-Year,26802.39,9355.16,12940.53,0,9,0
ACC-10509,Mid-Market,Logistics,Organic/Inbound,2024-Q2,44,Monthly,6324.66,2477.09,4117.42,0,5,1
ACC-10510,Mid-Market,EdTech,Paid Ads,2023-Q1,14,Annual,7182.75,3294.26,3720.48,2,8,0
ACC-10511,SMB,Logistics,Partner Referral,2022-Q2,15,Monthly,1931.37,657.49,687.49,0,7,0
ACC-10512,Enterprise,Fintech,Outbound Sales,2023-Q3,6,Multi-Year,22050.47,9689.47,10426.84,0,7,0
ACC-10513,Enterprise,Fintech,Partner Referral,2022-Q3,41,Annual,23175.27,9402.29,18124.09,0,9,0
ACC-10514,SMB,EdTech,Partner Referral,2022-Q4,4,Annual,1204.34,580.44,580.81,1,6,0
ACC-10515,SMB,EdTech,Outbound Sales,2022-Q3,28,Monthly,1535.65,420.89,422.56,1,8,1
ACC-10516,SMB,EdTech,Paid Ads,2022-Q3,29,Annual,1692.26,645.32,739.05,2,8,0
ACC-10517,Enterprise,HealthTech,Paid Ads,2022-Q4,29,Annual,26169.21,10805.2,16309.73,0,7,0
ACC-10518,Enterprise,Logistics,Outbound Sales,2023-Q1,17,Multi-Year,26128.61,9477.18,12488.63,0,8,0
ACC-10519,SMB,EdTech,Paid Ads,2022-Q1,10,Monthly,1792.91,475.34,486.55,1,4,1
ACC-10520,Mid-Market,E-Commerce,Outbound Sales,2022-Q4,9,Annual,6326.68,3130.89,3621.42,0,8,0
ACC-10521,SMB,E-Commerce,Outbound Sales,2023-Q4,48,Monthly,1870.27,605.95,779.74,2,7,1
ACC-10522,Enterprise,Fintech,Partner Referral,2024-Q2,42,Multi-Year,18011.69,9258.72,16556.44,2,9,0
ACC-10523,Enterprise,Logistics,Outbound Sales,2023-Q3,14,Multi-Year,24528.78,9515.29,11241.52,0,6,0
ACC-10524,Enterprise,EdTech,Partner Referral,2024-Q1,15,Multi-Year,21498.15,13078.15,17050.64,0,8,0
ACC-10525,Mid-Market,E-Commerce,Paid Ads,2023-Q1,45,Annual,7471.06,3073.92,4457.18,0,8,0
ACC-10526,SMB,Logistics,Partner Referral,2024-Q2,19,Annual,2086.9,592.4,644.64,2,6,0
ACC-10527,SMB,Fintech,Organic/Inbound,2022-Q4,19,Monthly,1772.24,604.5,727.78,0,8,0
ACC-10528,SMB,HealthTech,Outbound Sales,2023-Q4,38,Monthly,2575.82,598.78,656.99,6,4,0
ACC-10529,Enterprise,Logistics,Organic/Inbound,2024-Q1,23,Annual,24216.65,7590.79,10470.04,1,8,0
ACC-10530,Enterprise,Logistics,Outbound Sales,2023-Q3,10,Multi-Year,19197.08,6699.17,8276.27,1,6,0
ACC-10531,Enterprise,HealthTech,Paid Ads,2023-Q3,7,Multi-Year,19291.21,10293.08,11644.05,0,10,0
ACC-10532,Enterprise,Logistics,Partner Referral,2023-Q1,28,Multi-Year,23673.56,10062.61,15746.98,1,8,0
ACC-10533,Mid-Market,Fintech,Outbound Sales,2022-Q4,18,Annual,6605.39,2826.99,3404.97,1,9,0
ACC-10534,Mid-Market,Fintech,Paid Ads,2024-Q2,38,Annual,5585.39,2700.75,3743.28,1,10,0
ACC-10535,Enterprise,HealthTech,Organic/Inbound,2022-Q1,30,Annual,19439.52,9331.46,12494.82,0,7,0
ACC-10536,Enterprise,EdTech,Partner Referral,2024-Q2,31,Multi-Year,23930.89,8443.8,13338.67,1,8,0
ACC-10537,SMB,E-Commerce,Organic/Inbound,2024-Q2,14,Monthly,2103.33,727.17,776.38,2,5,0
ACC-10538,Mid-Market,EdTech,Outbound Sales,2023-Q3,39,Annual,6071.19,3423.76,4520.9,1,8,0
ACC-10539,SMB,Logistics,Organic/Inbound,2022-Q1,32,Monthly,1588.73,622.21,732.88,2,7,1
ACC-10540,Enterprise,E-Commerce,Outbound Sales,2022-Q1,25,Multi-Year,19505.65,11024.54,15698.49,1,7,0
ACC-10541,Mid-Market,HealthTech,Organic/Inbound,2023-Q1,18,Monthly,5767.74,2603.6,2819.57,0,4,1
ACC-10542,SMB,HealthTech,Partner Referral,2024-Q1,16,Monthly,1775.24,589.91,627.43,2,6,1
ACC-10543,Mid-Market,E-Commerce,Organic/Inbound,2023-Q2,12,Annual,6500.24,2625.83,2812,1,7,0
ACC-10544,Mid-Market,Fintech,Partner Referral,2022-Q3,9,Annual,6635.76,2340.51,2492.88,0,9,0
ACC-10545,SMB,E-Commerce,Outbound Sales,2022-Q3,47,Monthly,1934.95,460.42,490.72,0,7,0
ACC-10546,SMB,Logistics,Organic/Inbound,2023-Q3,39,Monthly,1648.74,562.38,592.72,1,9,0
ACC-10547,Mid-Market,Fintech,Partner Referral,2023-Q2,31,Monthly,5901.44,2967.19,3329.76,2,6,1
ACC-10548,Mid-Market,HealthTech,Outbound Sales,2024-Q1,5,Annual,7035.58,3249.91,3352.15,2,6,1
ACC-10549,Mid-Market,E-Commerce,Partner Referral,2023-Q2,17,Annual,6345,2809.43,3295.39,2,5,1
ACC-10550,Mid-Market,EdTech,Outbound Sales,2023-Q1,38,Annual,5566.95,2795.6,3818.09,1,9,0
ACC-10551,Enterprise,EdTech,Organic/Inbound,2024-Q2,48,Multi-Year,21725.07,8360.48,16781.16,1,7,0
ACC-10552,Mid-Market,Logistics,Partner Referral,2023-Q3,21,Monthly,6143.37,2998.29,4019.88,2,7,0
ACC-10553,Mid-Market,EdTech,Organic/Inbound,2022-Q1,15,Annual,6594.72,3128.07,3660.23,1,7,0
ACC-10554,Enterprise,E-Commerce,Outbound Sales,2023-Q3,44,Annual,22237.68,10517.84,18790.12,0,7,0
ACC-10555,SMB,E-Commerce,Organic/Inbound,2022-Q3,23,Annual,1447.58,543.39,570.47,2,8,1
ACC-10556,SMB,EdTech,Paid Ads,2024-Q1,39,Monthly,1195.92,647.01,702.73,0,5,1
ACC-10557,SMB,E-Commerce,Partner Referral,2023-Q2,29,Monthly,2123.34,613.69,642.17,0,7,0
ACC-10558,Mid-Market,Logistics,Paid Ads,2024-Q1,31,Multi-Year,6301.16,2892.38,3810.69,1,8,0
ACC-10559,Mid-Market,Fintech,Paid Ads,2023-Q1,22,Annual,6857.58,3196.38,4322.68,0,8,0
ACC-10560,Mid-Market,Logistics,Organic/Inbound,2023-Q3,27,Annual,6174.25,3195.42,4004.26,1,6,1
ACC-10561,SMB,Logistics,Paid Ads,2022-Q4,8,Monthly,1910.37,534.5,550.64,3,6,1
ACC-10562,SMB,E-Commerce,Organic/Inbound,2023-Q3,38,Monthly,1618.46,720.38,850.86,2,5,1
ACC-10563,SMB,Fintech,Organic/Inbound,2022-Q1,4,Monthly,1954.51,502.69,511.6,0,7,1
ACC-10564,SMB,E-Commerce,Partner Referral,2023-Q3,24,Monthly,1609.82,429.24,447.78,5,8,0
ACC-10565,Mid-Market,HealthTech,Organic/Inbound,2023-Q4,34,Annual,7662.33,1925.88,2791.85,0,10,0
ACC-10566,SMB,E-Commerce,Paid Ads,2023-Q1,18,Annual,1955.32,467.08,523.76,1,9,0
ACC-10567,SMB,E-Commerce,Outbound Sales,2022-Q2,20,Monthly,1726.23,827.42,818.04,4,9,0
ACC-10568,Enterprise,E-Commerce,Outbound Sales,2023-Q1,7,Multi-Year,23530.51,11749.25,12987.72,2,8,0
ACC-10569,SMB,Fintech,Outbound Sales,2023-Q2,38,Monthly,2048.57,436.74,500.08,2,9,1
ACC-10570,Mid-Market,E-Commerce,Outbound Sales,2022-Q2,32,Annual,8130.66,2586.68,3573.76,1,10,0
ACC-10571,Mid-Market,Fintech,Organic/Inbound,2023-Q2,47,Annual,6290.23,2879.87,3809.3,1,8,0
ACC-10572,SMB,EdTech,Organic/Inbound,2023-Q2,21,Monthly,1528.84,552.3,601.69,0,3,0
ACC-10573,Mid-Market,HealthTech,Paid Ads,2022-Q1,25,Annual,7568.82,2050.04,2723.14,1,10,0
ACC-10574,Enterprise,Fintech,Partner Referral,2022-Q1,36,Multi-Year,17467.44,7528.37,12350.29,0,10,0
ACC-10575,Enterprise,EdTech,Partner Referral,2024-Q2,15,Annual,20305.71,9097.41,11065.86,1,6,0
ACC-10576,SMB,Fintech,Partner Referral,2022-Q3,45,Annual,1988.42,617.19,751.2,1,8,1
ACC-10577,Enterprise,Fintech,Organic/Inbound,2024-Q2,31,Multi-Year,22771.08,9307.46,15760.94,0,8,0
ACC-10578,Mid-Market,HealthTech,Paid Ads,2024-Q2,38,Multi-Year,6744.24,2500.18,3612.55,1,9,0
ACC-10579,SMB,Logistics,Paid Ads,2022-Q3,24,Monthly,2107.09,728.33,815.29,4,8,0
ACC-10580,Mid-Market,Logistics,Outbound Sales,2022-Q4,38,Annual,6193.51,2760.11,3885.87,1,6,0
ACC-10581,Enterprise,Fintech,Paid Ads,2022-Q2,11,Annual,25887.79,9635.15,11036.82,0,8,0
ACC-10582,Mid-Market,E-Commerce,Partner Referral,2024-Q1,41,Annual,6961.01,2720.18,3722.07,1,10,0
ACC-10583,SMB,EdTech,Partner Referral,2024-Q2,21,Monthly,1614.69,707.44,761.42,2,6,1
ACC-10584,Mid-Market,E-Commerce,Outbound Sales,2023-Q3,40,Annual,6022.9,2218.22,3399.79,3,7,0
ACC-10585,SMB,E-Commerce,Paid Ads,2023-Q3,8,Annual,2375.87,653.33,655.9,4,8,0
ACC-10586,SMB,Fintech,Partner Referral,2023-Q2,17,Annual,2513.71,726.19,732.88,1,10,0
ACC-10587,SMB,Fintech,Outbound Sales,2022-Q3,22,Monthly,1619.55,681.58,773.55,2,7,0
ACC-10588,SMB,Fintech,Paid Ads,2023-Q2,11,Monthly,1468.25,484.02,489.03,2,7,1
ACC-10589,SMB,Fintech,Partner Referral,2023-Q4,34,Monthly,1882.74,335.68,348.52,1,6,1
ACC-10590,SMB,Logistics,Paid Ads,2023-Q4,6,Monthly,1977.86,797.56,825.63,2,10,0
ACC-10591,Mid-Market,Fintech,Outbound Sales,2024-Q1,20,Annual,6134.37,2630.48,3251.27,2,6,0
ACC-10592,SMB,Logistics,Paid Ads,2022-Q1,7,Monthly,2557.42,390.51,399.17,2,9,0
ACC-10593,SMB,Logistics,Partner Referral,2022-Q1,22,Annual,1008.15,625.48,672.5,1,9,0
ACC-10594,Enterprise,Fintech,Organic/Inbound,2022-Q3,25,Multi-Year,21519.89,10289.26,15361.01,1,6,1
ACC-10595,Mid-Market,HealthTech,Outbound Sales,2022-Q3,13,Annual,5168.71,3153.29,3344.59,2,7,0
ACC-10596,Mid-Market,EdTech,Paid Ads,2024-Q2,39,Annual,7189.38,2577.19,3612.45,1,3,0
ACC-10597,SMB,E-Commerce,Paid Ads,2023-Q4,24,Monthly,1567.54,708.24,780.91,1,4,0
ACC-10598,SMB,Logistics,Organic/Inbound,2024-Q2,6,Monthly,1457.94,606.4,615.74,1,3,1
ACC-10599,SMB,EdTech,Organic/Inbound,2022-Q1,31,Monthly,1697.27,774.04,892.82,2,7,1
ACC-10600,SMB,HealthTech,Outbound Sales,2022-Q2,46,Annual,2048.59,488.06,457.38,1,5,0
ACC-10601,SMB,E-Commerce,Partner Referral,2022-Q2,36,Monthly,1966.63,612.13,626.82,2,5,1
ACC-10602,SMB,E-Commerce,Outbound Sales,2022-Q3,15,Monthly,1399.5,730.42,802.82,5,7,0
ACC-10603,SMB,Logistics,Paid Ads,2023-Q2,44,Monthly,2540.82,435.48,592.12,1,5,1
ACC-10604,SMB,Fintech,Outbound Sales,2022-Q1,11,Monthly,1597.71,722.04,738.32,1,6,1
ACC-10605,Mid-Market,HealthTech,Paid Ads,2022-Q2,44,Multi-Year,6296.78,3176.41,4180.37,1,6,0
ACC-10606,SMB,Logistics,Paid Ads,2022-Q1,33,Monthly,1748.49,976.89,980.92,3,5,1
ACC-10607,SMB,HealthTech,Paid Ads,2023-Q1,9,Monthly,1450.4,373.36,385.12,0,8,0
ACC-10608,Mid-Market,Fintech,Outbound Sales,2023-Q3,6,Annual,5855.76,3019.58,3301.46,0,9,0
ACC-10609,Mid-Market,Fintech,Organic/Inbound,2023-Q4,21,Annual,6440.86,3207.48,3566.72,2,7,0
ACC-10610,SMB,Logistics,Outbound Sales,2024-Q2,44,Monthly,2201.19,291.99,355.16,2,5,1
ACC-10611,Mid-Market,Fintech,Organic/Inbound,2022-Q1,32,Monthly,6953.66,2490.78,3252.63,1,7,0
ACC-10612,Mid-Market,EdTech,Partner Referral,2023-Q3,33,Annual,6020.55,3090.87,3760.66,2,10,0
ACC-10613,SMB,E-Commerce,Paid Ads,2023-Q1,37,Monthly,2653.59,553.61,653.13,0,7,0
ACC-10614,Enterprise,Logistics,Paid Ads,2024-Q2,23,Annual,23993.67,11295.34,16651.4,0,9,0
ACC-10615,Enterprise,HealthTech,Paid Ads,2022-Q1,33,Multi-Year,26095.72,10216.23,16745.42,0,7,0
ACC-10616,SMB,EdTech,Outbound Sales,2022-Q3,21,Monthly,1477.15,617.24,582.57,1,8,0
ACC-10617,SMB,Logistics,Paid Ads,2023-Q3,33,Annual,1714.53,514.91,577.07,0,5,0
ACC-10618,Enterprise,Fintech,Organic/Inbound,2024-Q2,34,Multi-Year,23579.26,9127.88,16428.81,0,9,0
ACC-10619,Mid-Market,Fintech,Organic/Inbound,2022-Q1,4,Multi-Year,5284.79,3365.42,3469.52,0,8,0
ACC-10620,SMB,Fintech,Outbound Sales,2023-Q3,12,Monthly,2206.38,416.79,455.13,0,8,0
ACC-10621,SMB,Fintech,Partner Referral,2023-Q1,4,Monthly,1134.95,472.77,477.4,1,7,0
ACC-10622,SMB,HealthTech,Paid Ads,2022-Q1,4,Monthly,1476.39,627.74,638.58,2,6,1
ACC-10623,Mid-Market,EdTech,Partner Referral,2022-Q1,26,Annual,6670.75,2589.3,3141.34,1,9,0
ACC-10624,Mid-Market,E-Commerce,Organic/Inbound,2022-Q1,19,Annual,4914.31,2031.3,2203.37,2,7,1
ACC-10625,SMB,HealthTech,Organic/Inbound,2024-Q1,34,Monthly,2143.28,460.34,545.9,2,3,1
ACC-10626,Mid-Market,HealthTech,Outbound Sales,2022-Q3,18,Monthly,7382.21,3286.95,3793.3,0,8,0
ACC-10627,Mid-Market,E-Commerce,Outbound Sales,2023-Q1,18,Annual,6609.53,1669.16,1829.9,1,9,0
ACC-10628,SMB,E-Commerce,Partner Referral,2024-Q2,48,Annual,2359.99,839.8,1203.94,0,5,0
ACC-10629,SMB,Fintech,Outbound Sales,2024-Q1,41,Monthly,1810.65,656.28,701.8,1,7,0
ACC-10630,Mid-Market,HealthTech,Partner Referral,2023-Q2,33,Annual,6085.12,3037.87,4276.79,0,6,1
ACC-10631,Enterprise,Logistics,Paid Ads,2024-Q1,45,Multi-Year,21839.91,7480.22,12419.97,0,6,0
ACC-10632,Mid-Market,E-Commerce,Outbound Sales,2023-Q4,26,Monthly,6129.96,2374.69,2900.01,0,7,1
ACC-10633,Mid-Market,E-Commerce,Outbound Sales,2023-Q4,3,Annual,7807.73,3198.81,3272.7,0,8,0
ACC-10634,SMB,EdTech,Outbound Sales,2022-Q1,13,Annual,2083.26,496.35,495.01,2,3,1
ACC-10635,SMB,Logistics,Partner Referral,2024-Q1,23,Monthly,1419.63,437.8,437.63,5,8,0
ACC-10636,Mid-Market,Logistics,Paid Ads,2023-Q2,6,Annual,7446.18,2716.22,2772.17,1,7,0
ACC-10637,SMB,E-Commerce,Paid Ads,2024-Q1,9,Annual,1480.61,802.78,812.65,1,7,0
ACC-10638,SMB,Fintech,Paid Ads,2022-Q3,28,Monthly,1287.31,451.03,470.6,3,6,0
ACC-10639,SMB,EdTech,Outbound Sales,2022-Q3,14,Monthly,2021.67,465.48,474.33,1,7,0
ACC-10640,SMB,Logistics,Paid Ads,2023-Q2,33,Monthly,2243.68,615.41,680.23,2,3,1
ACC-10641,SMB,E-Commerce,Outbound Sales,2024-Q1,19,Monthly,1810.18,595.08,565.12,4,5,0
ACC-10642,SMB,Logistics,Partner Referral,2023-Q3,35,Monthly,1757.64,716.02,784.94,3,3,1
ACC-10643,SMB,EdTech,Paid Ads,2022-Q3,13,Monthly,1461.94,755.22,782.14,5,7,0
ACC-10644,SMB,EdTech,Paid Ads,2022-Q3,30,Monthly,1805.27,463.61,499.89,3,4,1
ACC-10645,Enterprise,HealthTech,Paid Ads,2022-Q2,34,Multi-Year,21927.63,10237.03,17308.43,0,8,0
ACC-10646,Mid-Market,E-Commerce,Paid Ads,2024-Q1,3,Monthly,5969.96,2189.47,2247.66,1,9,0
ACC-10647,Mid-Market,EdTech,Partner Referral,2022-Q3,30,Annual,7782.78,2084.73,2992.11,1,5,0
ACC-10648,Mid-Market,HealthTech,Paid Ads,2023-Q1,44,Annual,5100.52,2093.27,3027.36,1,6,0
ACC-10649,Mid-Market,HealthTech,Outbound Sales,2024-Q1,9,Annual,6210.59,2875.41,3130.32,0,8,0
ACC-10650,SMB,Logistics,Organic/Inbound,2023-Q4,4,Monthly,1893.55,485.68,497.48,2,5,1
ACC-10651,Mid-Market,Logistics,Outbound Sales,2022-Q2,44,Multi-Year,5450.45,2622.56,3788.03,2,5,1
ACC-10652,Mid-Market,HealthTech,Outbound Sales,2022-Q3,26,Monthly,5579.45,2799.97,3679.02,0,6,1
ACC-10653,Mid-Market,Logistics,Partner Referral,2022-Q2,6,Annual,6202.94,2793.53,2944.8,2,8,0
ACC-10654,SMB,EdTech,Organic/Inbound,2023-Q4,46,Monthly,1583.4,726.26,798.37,2,5,1
ACC-10655,SMB,Fintech,Partner Referral,2023-Q2,21,Monthly,2017.01,526.49,587.94,2,6,1
ACC-10656,SMB,EdTech,Paid Ads,2023-Q2,28,Monthly,2215.29,518.98,519.83,3,2,1
ACC-10657,SMB,HealthTech,Paid Ads,2024-Q1,13,Annual,1977.1,629.26,665.32,2,8,0
ACC-10658,Mid-Market,HealthTech,Outbound Sales,2023-Q4,42,Annual,6308.52,2742.49,3969.21,1,7,0
ACC-10659,Mid-Market,EdTech,Outbound Sales,2022-Q4,45,Annual,7507.99,3140.76,5064.08,0,7,0
ACC-10660,SMB,Logistics,Partner Referral,2022-Q4,13,Monthly,1748.28,339.93,348.47,1,8,0
ACC-10661,Enterprise,Logistics,Paid Ads,2024-Q1,47,Multi-Year,17768.17,9620.29,17743.98,0,7,0
ACC-10662,Mid-Market,HealthTech,Partner Referral,2022-Q1,5,Monthly,6435.37,2583.12,2765.77,0,10,0
ACC-10663,SMB,E-Commerce,Organic/Inbound,2022-Q2,14,Monthly,1826.44,578.83,595.85,4,7,0
ACC-10664,SMB,Logistics,Outbound Sales,2022-Q2,5,Monthly,2026.04,492.34,500.34,1,7,0
ACC-10665,SMB,EdTech,Paid Ads,2023-Q2,44,Monthly,1973.84,374.22,421.28,0,7,1
ACC-10666,SMB,Logistics,Organic/Inbound,2022-Q4,29,Annual,1897.62,669.61,734.34,2,6,0
ACC-10667,SMB,EdTech,Outbound Sales,2024-Q2,4,Monthly,1859.71,598.52,595.19,1,9,1
ACC-10668,SMB,HealthTech,Partner Referral,2022-Q3,18,Annual,2018.71,830.89,896.32,1,6,1
ACC-10669,SMB,Logistics,Paid Ads,2022-Q3,4,Monthly,1670.75,803.42,818.42,2,8,0
ACC-10670,SMB,EdTech,Outbound Sales,2022-Q3,32,Monthly,1818.76,737.46,858.6,3,8,1
ACC-10671,Enterprise,HealthTech,Organic/Inbound,2023-Q2,22,Multi-Year,17799.99,7994.81,12629.4,1,9,0
ACC-10672,SMB,E-Commerce,Partner Referral,2023-Q4,40,Monthly,1737.05,588.85,724.29,1,5,1
ACC-10673,Mid-Market,EdTech,Outbound Sales,2023-Q3,30,Annual,6069.82,2503.91,2581.53,2,7,1
ACC-10674,SMB,E-Commerce,Partner Referral,2022-Q4,27,Monthly,1951.43,610.22,694.25,1,5,0
ACC-10675,Enterprise,E-Commerce,Outbound Sales,2022-Q4,34,Annual,18363.34,9822.11,16821.18,2,9,1
ACC-10676,SMB,Fintech,Organic/Inbound,2024-Q2,12,Annual,1923.59,692.22,703.85,2,1,0
ACC-10677,SMB,Logistics,Organic/Inbound,2022-Q2,44,Monthly,1870.35,710.57,669.66,0,9,0
ACC-10678,Enterprise,EdTech,Paid Ads,2022-Q1,42,Multi-Year,21544.64,11452.49,19348.98,1,7,0
ACC-10679,Enterprise,E-Commerce,Paid Ads,2024-Q1,35,Annual,23033.59,7257.42,11933.32,0,8,0
ACC-10680,Enterprise,Fintech,Organic/Inbound,2022-Q2,15,Multi-Year,26614.11,10687.95,14331.2,0,9,0
ACC-10681,SMB,HealthTech,Paid Ads,2023-Q4,43,Annual,1761.61,676.3,811.77,0,9,0
ACC-10682,SMB,EdTech,Organic/Inbound,2024-Q1,44,Monthly,1490.28,691.09,711.36,4,6,1
ACC-10683,Mid-Market,E-Commerce,Outbound Sales,2022-Q4,39,Multi-Year,6285.86,3356.72,5168.76,4,6,0
ACC-10684,Enterprise,Logistics,Partner Referral,2023-Q4,18,Multi-Year,23575.39,11301.78,14563.47,0,7,0
ACC-10685,Mid-Market,Fintech,Organic/Inbound,2024-Q1,47,Annual,7023.22,2990.78,3297.68,0,7,0
ACC-10686,Mid-Market,E-Commerce,Partner Referral,2024-Q2,24,Annual,6670.07,2398.04,2837.36,2,10,1
ACC-10687,SMB,Logistics,Outbound Sales,2024-Q2,22,Annual,1444.52,776.76,840.27,4,5,0
ACC-10688,Mid-Market,E-Commerce,Organic/Inbound,2023-Q1,45,Multi-Year,5239.76,2637.18,4263,0,9,0
ACC-10689,SMB,EdTech,Organic/Inbound,2023-Q3,29,Monthly,1923.12,574.37,608.38,3,6,1
ACC-10690,SMB,EdTech,Paid Ads,2024-Q2,43,Monthly,1434.31,873.94,813.5,5,10,1
ACC-10691,SMB,EdTech,Paid Ads,2022-Q4,18,Annual,1483.33,745.02,744.68,1,7,0
ACC-10692,Mid-Market,Fintech,Outbound Sales,2022-Q1,36,Monthly,6994.48,2865.91,4261.32,2,6,0
ACC-10693,SMB,EdTech,Organic/Inbound,2022-Q3,34,Monthly,2072.8,378.05,388.12,1,6,0
ACC-10694,SMB,Logistics,Paid Ads,2023-Q1,28,Annual,1703.55,881.14,893.68,1,7,0
ACC-10695,Mid-Market,E-Commerce,Outbound Sales,2022-Q3,27,Annual,6560.69,3140.86,3818.58,1,8,1
ACC-10696,SMB,HealthTech,Organic/Inbound,2023-Q3,4,Monthly,1949.81,549.04,558.78,2,7,0
ACC-10697,Mid-Market,Logistics,Paid Ads,2024-Q1,14,Multi-Year,5828.45,2652.48,3302.96,1,8,0
ACC-10698,SMB,Logistics,Outbound Sales,2023-Q2,42,Monthly,2082.27,715.79,795.21,1,6,1
ACC-10699,Mid-Market,EdTech,Partner Referral,2024-Q2,11,Annual,5431.15,3228.23,3561.14,2,4,0
ACC-10700,Mid-Market,Fintech,Partner Referral,2022-Q1,14,Annual,5641.73,2433.62,3040.65,1,9,0
ACC-10701,SMB,E-Commerce,Paid Ads,2023-Q3,28,Monthly,1163.13,564.94,695.44,2,7,0
ACC-10702,SMB,Fintech,Outbound Sales,2022-Q3,11,Annual,1819.47,562.95,596.08,3,4,1
ACC-10703,SMB,E-Commerce,Organic/Inbound,2023-Q1,12,Monthly,2123.92,806.52,843.7,0,6,0
ACC-10704,SMB,E-Commerce,Paid Ads,2024-Q2,34,Monthly,1389.55,555.28,611.45,0,5,0
ACC-10705,Enterprise,Fintech,Paid Ads,2022-Q4,36,Annual,24783.33,10010.99,15927.49,0,8,0
ACC-10706,SMB,Logistics,Paid Ads,2024-Q2,22,Monthly,1609.84,571.21,617.5,1,7,0
ACC-10707,Enterprise,E-Commerce,Paid Ads,2023-Q1,41,Multi-Year,13435.51,7294.22,10701.05,0,8,0
ACC-10708,SMB,Fintech,Organic/Inbound,2023-Q1,4,Monthly,1760.73,437.73,445.59,2,7,0
ACC-10709,Mid-Market,E-Commerce,Paid Ads,2023-Q2,3,Annual,5522.68,1945.03,2001.29,0,9,0
ACC-10710,Mid-Market,HealthTech,Organic/Inbound,2024-Q2,38,Annual,4434.59,2466.99,3445.85,1,9,0
ACC-10711,Mid-Market,Logistics,Partner Referral,2024-Q2,26,Monthly,4783.16,2282.38,2552.88,1,8,0
ACC-10712,Mid-Market,EdTech,Paid Ads,2023-Q2,29,Annual,5468.74,2672.67,3452.27,1,7,0
ACC-10713,SMB,E-Commerce,Organic/Inbound,2023-Q4,4,Annual,1447.23,715.58,730.2,2,10,0
ACC-10714,SMB,HealthTech,Partner Referral,2023-Q4,33,Monthly,2059.62,800.15,876.94,6,10,0
ACC-10715,Enterprise,EdTech,Paid Ads,2024-Q1,16,Multi-Year,23294.01,8490.84,10399.58,0,7,0
ACC-10716,Enterprise,EdTech,Paid Ads,2023-Q4,4,Multi-Year,22833.23,10623.68,11761.83,0,8,0
ACC-10717,Enterprise,E-Commerce,Organic/Inbound,2022-Q2,31,Multi-Year,18357.25,7704.29,13840.31,0,9,0
ACC-10718,SMB,Fintech,Organic/Inbound,2024-Q2,17,Monthly,1728.24,502.38,524.8,1,6,1
ACC-10719,Mid-Market,E-Commerce,Partner Referral,2022-Q1,14,Annual,7489.8,2442.06,2659.16,1,8,0
ACC-10720,Enterprise,HealthTech,Paid Ads,2024-Q2,39,Multi-Year,21499.11,10084.19,17668.01,0,9,0
ACC-10721,SMB,EdTech,Partner Referral,2022-Q2,30,Annual,1639.26,511.57,527.17,3,4,1
ACC-10722,SMB,E-Commerce,Outbound Sales,2022-Q2,22,Monthly,2136.55,524.94,601.64,2,8,1
ACC-10723,Mid-Market,Fintech,Outbound Sales,2022-Q3,41,Annual,6599.07,2584.41,3775.59,2,9,1
ACC-10724,Mid-Market,E-Commerce,Organic/Inbound,2024-Q2,26,Annual,6137.89,2868.93,3814.39,1,8,0
ACC-10725,Enterprise,Logistics,Outbound Sales,2023-Q3,23,Multi-Year,22577.51,11272.53,15520.21,0,7,0
ACC-10726,SMB,Fintech,Outbound Sales,2022-Q2,12,Monthly,1548.91,390.08,408.14,0,6,1
ACC-10727,Mid-Market,HealthTech,Paid Ads,2022-Q1,48,Annual,5152.74,2525.12,3980.6,0,7,0
ACC-10728,SMB,EdTech,Outbound Sales,2023-Q2,16,Annual,2201.4,548.41,566.91,2,3,0
ACC-10729,SMB,E-Commerce,Outbound Sales,2024-Q1,39,Monthly,1939.52,325.99,394.33,1,3,1
ACC-10730,SMB,Fintech,Partner Referral,2022-Q3,20,Monthly,1582.73,362.59,409.73,3,6,1
ACC-10731,Enterprise,Logistics,Outbound Sales,2023-Q2,26,Annual,18450.46,9678.85,15296.94,0,7,0
ACC-10732,Mid-Market,Fintech,Organic/Inbound,2022-Q3,16,Monthly,7707.82,3284.78,3708.74,1,8,0
ACC-10733,Mid-Market,Logistics,Organic/Inbound,2022-Q1,36,Annual,6057.47,3325.05,4284.66,0,5,1
ACC-10734,SMB,HealthTech,Partner Referral,2023-Q1,14,Monthly,1721,632.41,663.1,1,7,0
ACC-10735,Enterprise,EdTech,Outbound Sales,2024-Q2,24,Multi-Year,20734.89,9680.69,14662.37,0,7,0
ACC-10736,SMB,HealthTech,Partner Referral,2022-Q4,8,Monthly,1562.11,886.88,905.68,2,7,0
ACC-10737,Enterprise,E-Commerce,Paid Ads,2023-Q3,38,Multi-Year,21673.06,11147.75,17152.49,0,6,0
ACC-10738,SMB,Fintech,Organic/Inbound,2023-Q2,47,Monthly,1350.43,842.85,857.38,2,10,0
ACC-10739,SMB,Logistics,Organic/Inbound,2024-Q2,38,Monthly,1855.82,761.96,791.88,2,5,1
ACC-10740,Mid-Market,Logistics,Partner Referral,2023-Q3,24,Annual,5100.88,2912.73,4002.09,0,7,0
ACC-10741,SMB,Fintech,Paid Ads,2023-Q1,16,Annual,2174.8,483.11,501.73,5,9,1
ACC-10742,Mid-Market,Fintech,Organic/Inbound,2022-Q4,18,Monthly,5542.1,2004.44,2397.41,2,7,1
ACC-10743,Mid-Market,E-Commerce,Paid Ads,2023-Q3,38,Monthly,5780.75,2454.71,3563.18,0,8,0
ACC-10744,SMB,HealthTech,Organic/Inbound,2023-Q3,27,Monthly,1331.12,708.77,755.81,1,8,0
ACC-10745,Enterprise,Logistics,Partner Referral,2023-Q2,34,Annual,19003.68,9853.42,14286.8,0,5,0
ACC-10746,SMB,E-Commerce,Outbound Sales,2023-Q4,35,Monthly,2375.89,629.69,813.9,2,4,0
ACC-10747,Mid-Market,HealthTech,Partner Referral,2022-Q4,47,Annual,6288.42,3050.56,4765.1,2,7,0
ACC-10748,Enterprise,E-Commerce,Outbound Sales,2024-Q2,38,Annual,22476.08,8604.03,14794.34,0,10,0
ACC-10749,Mid-Market,Logistics,Outbound Sales,2023-Q1,22,Annual,6849.99,3318.5,3802.17,1,9,0
ACC-10750,SMB,Fintech,Outbound Sales,2022-Q4,20,Monthly,2195.58,669.21,689.73,4,7,1
ACC-10751,Enterprise,Fintech,Paid Ads,2022-Q1,40,Annual,20852.71,10009.44,19017.94,0,9,0
ACC-10752,Mid-Market,HealthTech,Organic/Inbound,2023-Q4,5,Annual,7382.91,2870.63,3024.45,0,8,0
ACC-10753,SMB,EdTech,Outbound Sales,2022-Q1,25,Annual,2134.99,635.04,624.46,2,5,0
ACC-10754,SMB,HealthTech,Outbound Sales,2023-Q1,34,Monthly,2168.19,653.08,698.04,2,5,1
ACC-10755,Mid-Market,EdTech,Partner Referral,2023-Q2,47,Annual,6084.17,2291.32,2734.65,0,10,0
ACC-10756,Mid-Market,E-Commerce,Partner Referral,2023-Q2,18,Monthly,6348.69,2534.82,2707.82,0,9,1
ACC-10757,Mid-Market,E-Commerce,Partner Referral,2023-Q1,7,Annual,6527.05,3081.99,3298.27,1,8,0
ACC-10758,Enterprise,Logistics,Partner Referral,2022-Q3,6,Annual,20055.36,8018.87,8626.7,0,8,0
ACC-10759,Mid-Market,EdTech,Organic/Inbound,2023-Q1,23,Annual,8116.38,2531.65,3028.04,0,9,0
ACC-10760,SMB,Logistics,Outbound Sales,2023-Q4,42,Monthly,1722.62,901.31,982.07,2,5,0
ACC-10761,SMB,Fintech,Paid Ads,2022-Q2,16,Monthly,2320.12,774.51,804.04,1,6,0
ACC-10762,SMB,EdTech,Organic/Inbound,2023-Q2,41,Monthly,1828.36,501.46,505.91,3,4,1
ACC-10763,Mid-Market,HealthTech,Outbound Sales,2024-Q1,33,Annual,7094.78,2926.45,3950.12,2,7,1
ACC-10764,SMB,Fintech,Organic/Inbound,2023-Q4,16,Monthly,1731.42,599.83,636.06,0,5,0
ACC-10765,Mid-Market,Fintech,Outbound Sales,2023-Q4,8,Annual,7367.8,2401.97,2593.01,1,6,1
ACC-10766,Mid-Market,HealthTech,Paid Ads,2023-Q4,14,Annual,7363.07,2337.4,2715.36,3,9,0
ACC-10767,Enterprise,Fintech,Paid Ads,2023-Q3,18,Multi-Year,17774.84,9375.63,11175.75,0,8,0
ACC-10768,SMB,EdTech,Organic/Inbound,2023-Q4,19,Monthly,1902.94,595.62,587.6,2,4,1
ACC-10769,Enterprise,Logistics,Organic/Inbound,2023-Q2,47,Multi-Year,22422.31,7919.72,16214.17,1,7,0
ACC-10770,SMB,Fintech,Organic/Inbound,2022-Q2,25,Monthly,2354.08,616.29,738.91,1,5,1
ACC-10771,Enterprise,EdTech,Outbound Sales,2022-Q2,16,Multi-Year,17846.8,9187.2,11683.67,0,8,0
ACC-10772,SMB,E-Commerce,Outbound Sales,2023-Q4,9,Monthly,2327.48,519.22,541.85,1,7,1
ACC-10773,SMB,EdTech,Partner Referral,2022-Q1,48,Monthly,1727.8,472.7,579.72,2,6,0
ACC-10774,Mid-Market,Logistics,Organic/Inbound,2023-Q2,34,Annual,7015.62,2571.81,3395.22,0,7,0
ACC-10775,SMB,EdTech,Outbound Sales,2023-Q2,17,Annual,2156.1,464.27,495.91,2,5,0
ACC-10776,SMB,HealthTech,Partner Referral,2022-Q4,46,Monthly,1584.98,411.55,479.54,2,8,1
ACC-10777,Mid-Market,Logistics,Outbound Sales,2024-Q2,19,Annual,6307.58,2901.04,3486.23,2,10,0
ACC-10778,Mid-Market,E-Commerce,Paid Ads,2022-Q3,43,Annual,6783.26,2631.74,3741.7,1,9,0
ACC-10779,Mid-Market,HealthTech,Outbound Sales,2022-Q3,46,Annual,7757.98,2200.74,3289.85,0,7,0
ACC-10780,Mid-Market,EdTech,Organic/Inbound,2022-Q1,36,Annual,6549.85,2276.78,3340.26,0,6,0
ACC-10781,Mid-Market,Logistics,Organic/Inbound,2022-Q3,7,Multi-Year,7280.17,2467.61,2604.93,0,7,0
ACC-10782,SMB,E-Commerce,Outbound Sales,2022-Q4,47,Annual,1545.62,468.39,495.72,3,7,0
ACC-10783,SMB,HealthTech,Partner Referral,2023-Q1,29,Monthly,2065.45,418.22,444.8,2,7,1
ACC-10784,SMB,E-Commerce,Paid Ads,2022-Q3,25,Monthly,1478.79,389.57,449.63,3,9,0
ACC-10785,Enterprise,EdTech,Outbound Sales,2023-Q2,42,Annual,25671.27,8453.02,13417.48,0,9,0
ACC-10786,Mid-Market,E-Commerce,Outbound Sales,2023-Q1,16,Monthly,5628.55,3507.36,4192.46,1,8,0
ACC-10787,SMB,Fintech,Outbound Sales,2022-Q3,17,Monthly,1645.96,470.76,527.65,1,7,0
ACC-10788,Mid-Market,HealthTech,Outbound Sales,2023-Q2,45,Annual,5682.32,2960.94,4720.85,1,9,0
ACC-10789,Enterprise,E-Commerce,Organic/Inbound,2023-Q2,35,Multi-Year,22250.71,12092.09,17985.47,0,7,0
ACC-10790,SMB,EdTech,Partner Referral,2023-Q4,33,Monthly,1817.23,681.25,644.53,1,9,0
ACC-10791,Mid-Market,EdTech,Paid Ads,2022-Q2,37,Annual,6586.56,3370.26,4241.08,0,8,1
ACC-10792,Mid-Market,E-Commerce,Outbound Sales,2022-Q1,19,Annual,6452.79,3540.54,3816.91,0,7,0
ACC-10793,Mid-Market,EdTech,Outbound Sales,2022-Q4,30,Annual,8809,3019.48,3609.79,0,4,0
ACC-10794,SMB,Logistics,Outbound Sales,2023-Q3,21,Annual,2186.67,558.77,581.16,6,5,0
ACC-10795,Enterprise,Logistics,Paid Ads,2024-Q2,48,Multi-Year,23684.53,8888.17,17552.36,0,8,0
ACC-10796,Enterprise,Logistics,Organic/Inbound,2022-Q3,25,Annual,16699.15,10998.05,16533.74,1,6,0
ACC-10797,Mid-Market,Fintech,Outbound Sales,2022-Q3,34,Annual,5769.01,3148.21,4411.27,1,6,0
ACC-10798,Mid-Market,E-Commerce,Organic/Inbound,2023-Q1,42,Annual,6457.92,2028.9,3050.76,1,9,0
ACC-10799,Enterprise,Fintech,Partner Referral,2023-Q1,15,Annual,19898.75,8905.98,11682.42,0,8,0
ACC-10800,Mid-Market,EdTech,Paid Ads,2024-Q2,22,Monthly,7566.64,2684.62,3074.43,1,6,1
ACC-10801,SMB,Fintech,Partner Referral,2022-Q3,37,Monthly,1867.96,500.57,584.38,1,6,0
ACC-10802,Mid-Market,EdTech,Organic/Inbound,2024-Q1,7,Annual,5771.78,2720.79,2863.31,0,6,0
ACC-10803,Mid-Market,EdTech,Organic/Inbound,2022-Q4,11,Annual,5178.36,3506.45,4029.09,1,8,0
ACC-10804,SMB,HealthTech,Paid Ads,2022-Q3,31,Monthly,1833.66,593.64,632.9,3,9,0
ACC-10805,Mid-Market,Logistics,Paid Ads,2022-Q2,8,Annual,6247.66,2338.66,2556,0,9,0
ACC-10806,Enterprise,EdTech,Outbound Sales,2024-Q2,27,Multi-Year,19180.25,8997.69,12742.98,0,9,0
ACC-10807,Enterprise,HealthTech,Paid Ads,2024-Q1,33,Annual,21133.88,10371.81,15180.7,1,9,0
ACC-10808,Mid-Market,Logistics,Outbound Sales,2022-Q4,24,Annual,7803.01,2457.71,2738.87,1,8,0
ACC-10809,SMB,EdTech,Organic/Inbound,2022-Q3,4,Monthly,1906.31,420.73,428.44,5,8,1
ACC-10810,Enterprise,EdTech,Outbound Sales,2023-Q3,47,Multi-Year,22604,7702.69,14041.17,1,8,0
ACC-10811,Enterprise,Fintech,Partner Referral,2023-Q4,7,Multi-Year,22172.13,10865.43,12294.05,0,8,0
ACC-10812,SMB,Fintech,Organic/Inbound,2022-Q2,29,Annual,1842.92,541.84,601.81,0,6,0
ACC-10813,Enterprise,Logistics,Paid Ads,2023-Q3,27,Annual,19752.8,9409.64,13963.67,0,10,0
ACC-10814,Enterprise,EdTech,Outbound Sales,2023-Q1,10,Multi-Year,19985.78,9308.67,10915.97,0,7,0
ACC-10815,Mid-Market,E-Commerce,Partner Referral,2023-Q1,3,Monthly,6243.34,3006.36,3039.05,1,7,0
ACC-10816,Mid-Market,Fintech,Partner Referral,2022-Q3,22,Annual,7110.14,3127.14,4067.37,0,8,0
ACC-10817,SMB,Logistics,Organic/Inbound,2023-Q1,46,Monthly,1147.63,387.36,415.42,0,4,1
ACC-10818,SMB,EdTech,Outbound Sales,2022-Q2,25,Monthly,2081.35,454.63,496.49,1,6,0
ACC-10819,SMB,EdTech,Paid Ads,2022-Q4,34,Monthly,1884.68,375.8,428.19,3,6,1
ACC-10820,Enterprise,E-Commerce,Outbound Sales,2023-Q2,13,Multi-Year,19949.77,10345.88,12990.98,0,5,0
ACC-10821,SMB,Logistics,Outbound Sales,2022-Q1,41,Monthly,2266.62,574.23,666.83,4,6,0
ACC-10822,SMB,EdTech,Organic/Inbound,2024-Q2,26,Monthly,1830.01,677.62,730.47,2,6,1
ACC-10823,SMB,Fintech,Organic/Inbound,2022-Q4,13,Annual,970.89,842.86,845.78,4,6,1
ACC-10824,Mid-Market,E-Commerce,Organic/Inbound,2023-Q2,31,Multi-Year,7647.89,2283.05,3311.05,2,10,0
ACC-10825,Enterprise,Logistics,Partner Referral,2024-Q1,28,Annual,21606.08,10207.19,13508.2,0,8,0
ACC-10826,SMB,E-Commerce,Organic/Inbound,2022-Q2,18,Monthly,1690.33,641.46,673.6,0,6,0
ACC-10827,SMB,Fintech,Paid Ads,2023-Q3,37,Monthly,1740.46,569.12,617.03,2,7,0
ACC-10828,Mid-Market,Logistics,Paid Ads,2023-Q2,22,Annual,6940.7,2524.21,3104.53,1,6,1
ACC-10829,Mid-Market,E-Commerce,Partner Referral,2022-Q2,48,Annual,7284.28,2067.81,2661.69,1,10,0
ACC-10830,SMB,HealthTech,Outbound Sales,2023-Q4,5,Monthly,2412.39,802.84,801.94,1,5,0
ACC-10831,Mid-Market,Fintech,Partner Referral,2023-Q3,3,Annual,6921.01,2327.18,2351.27,0,9,0
ACC-10832,SMB,Fintech,Partner Referral,2023-Q1,3,Monthly,2048.96,610.54,621.74,2,8,0
ACC-10833,SMB,Fintech,Outbound Sales,2023-Q1,19,Monthly,1887.12,403.58,445.12,1,8,0
ACC-10834,Mid-Market,HealthTech,Organic/Inbound,2023-Q3,4,Multi-Year,6943.58,3071.08,3128.2,0,7,0
ACC-10835,SMB,HealthTech,Partner Referral,2024-Q1,31,Monthly,1645.84,725.23,840.64,1,6,1
ACC-10836,Enterprise,EdTech,Organic/Inbound,2024-Q1,22,Multi-Year,26827.46,9424.23,12421.92,1,7,0
ACC-10837,SMB,E-Commerce,Partner Referral,2024-Q1,8,Monthly,1329.29,476.13,498.29,1,7,0
ACC-10838,Mid-Market,EdTech,Partner Referral,2023-Q2,10,Annual,8292.72,2037.86,2420.47,0,8,0
ACC-10839,Mid-Market,E-Commerce,Paid Ads,2024-Q2,31,Annual,5919.53,2368.02,3077.64,0,8,0
ACC-10840,SMB,HealthTech,Paid Ads,2023-Q2,35,Annual,1847.07,734.24,889.5,1,6,0
ACC-10841,Mid-Market,HealthTech,Partner Referral,2022-Q3,5,Annual,4893.34,3027.61,3207.25,0,5,1
ACC-10842,SMB,EdTech,Organic/Inbound,2022-Q1,37,Annual,2058.96,646.33,821.7,2,7,0
ACC-10843,Enterprise,Logistics,Outbound Sales,2023-Q3,7,Annual,20574.26,9404.32,10829.54,0,7,0
ACC-10844,SMB,EdTech,Outbound Sales,2022-Q4,29,Monthly,1995.65,648.39,652.15,0,8,0
ACC-10845,SMB,E-Commerce,Organic/Inbound,2022-Q1,46,Annual,1838.23,523.25,618.32,1,6,0
ACC-10846,SMB,EdTech,Partner Referral,2023-Q4,14,Monthly,1546.09,438.54,451.23,1,8,0
ACC-10847,Enterprise,Fintech,Partner Referral,2023-Q2,22,Multi-Year,18651.84,10571.76,15089.6,1,8,0
ACC-10848,Mid-Market,E-Commerce,Organic/Inbound,2023-Q2,47,Annual,5784.37,3217.85,4983.56,1,9,0
ACC-10849,Mid-Market,E-Commerce,Outbound Sales,2022-Q2,22,Annual,6906.72,2953.48,3388.28,1,8,0
ACC-10850,SMB,Logistics,Outbound Sales,2022-Q1,11,Monthly,2063.13,434.14,447.39,2,8,1
ACC-10851,Mid-Market,HealthTech,Partner Referral,2022-Q2,41,Monthly,6760.69,2875.98,4068.89,2,9,1
ACC-10852,SMB,E-Commerce,Outbound Sales,2022-Q4,6,Monthly,2155.33,567.8,592.39,2,8,1
ACC-10853,Enterprise,HealthTech,Outbound Sales,2022-Q2,21,Multi-Year,21613.36,9427.84,13557.47,1,7,0
ACC-10854,SMB,EdTech,Outbound Sales,2022-Q1,40,Monthly,1617.87,537.91,630.79,0,4,0
ACC-10855,SMB,Fintech,Organic/Inbound,2023-Q3,29,Monthly,1676.58,500.97,556.42,3,6,0
ACC-10856,SMB,Logistics,Partner Referral,2023-Q4,47,Annual,1399.1,438.69,439.72,3,10,0
ACC-10857,Mid-Market,HealthTech,Outbound Sales,2023-Q2,45,Annual,8147.88,2462.82,3710.55,0,7,0
ACC-10858,Mid-Market,E-Commerce,Paid Ads,2022-Q4,15,Annual,7457.51,2692.14,3068.7,2,10,0
ACC-10859,SMB,HealthTech,Organic/Inbound,2023-Q2,15,Annual,1616.92,638.97,689.37,2,10,1
ACC-10860,Mid-Market,E-Commerce,Partner Referral,2022-Q3,24,Annual,6211.79,2147.87,2577.44,1,8,0
ACC-10861,Mid-Market,HealthTech,Outbound Sales,2023-Q4,30,Multi-Year,5840.29,1959.06,2750.03,0,7,0
ACC-10862,Mid-Market,E-Commerce,Paid Ads,2024-Q2,47,Monthly,7174.19,2917.48,3449.97,1,6,0
ACC-10863,SMB,EdTech,Paid Ads,2022-Q2,24,Monthly,2052.72,910.27,946.32,3,10,1
ACC-10864,SMB,E-Commerce,Partner Referral,2023-Q1,45,Monthly,1007.41,728.11,731.66,1,9,0
ACC-10865,Mid-Market,E-Commerce,Paid Ads,2022-Q1,21,Multi-Year,6642.59,2350.74,2687.66,0,5,0
ACC-10866,SMB,Fintech,Outbound Sales,2023-Q2,10,Annual,1460.59,730.98,773.26,2,7,0
ACC-10867,SMB,E-Commerce,Organic/Inbound,2022-Q2,10,Monthly,1347.8,632.89,656.52,2,6,1
ACC-10868,Enterprise,Fintech,Organic/Inbound,2022-Q4,44,Annual,21380.62,9335.79,18550.84,0,8,0
ACC-10869,Enterprise,Logistics,Outbound Sales,2023-Q2,28,Annual,23612.82,9628.52,15636.07,2,9,1
ACC-10870,SMB,Fintech,Partner Referral,2024-Q2,28,Annual,1796.44,680.49,738.92,3,5,1
ACC-10871,SMB,EdTech,Outbound Sales,2023-Q4,25,Annual,1559.78,555.51,601.22,2,8,0
ACC-10872,Mid-Market,Fintech,Organic/Inbound,2023-Q4,45,Annual,5515.31,2138.17,2964.84,3,6,1
ACC-10873,SMB,Logistics,Paid Ads,2023-Q2,15,Monthly,2222.96,605.03,615.39,1,9,0
ACC-10874,SMB,EdTech,Organic/Inbound,2022-Q4,30,Monthly,1612.66,776.91,816.92,3,4,1
ACC-10875,SMB,HealthTech,Paid Ads,2023-Q4,11,Annual,1238.79,546.62,559.5,0,7,0
ACC-10876,Mid-Market,HealthTech,Partner Referral,2023-Q4,22,Annual,7875.32,3015.04,3650.16,1,9,1
ACC-10877,Mid-Market,Fintech,Organic/Inbound,2024-Q2,21,Monthly,6399.39,1953.67,2210.09,0,6,1
ACC-10878,SMB,Fintech,Organic/Inbound,2022-Q1,41,Monthly,1706.14,483.18,487.14,4,7,0
ACC-10879,SMB,Logistics,Organic/Inbound,2022-Q4,14,Monthly,1829.65,692.37,723.63,1,3,1
ACC-10880,SMB,Logistics,Organic/Inbound,2022-Q4,17,Monthly,1821.55,856.73,877.48,4,4,0
ACC-10881,Mid-Market,E-Commerce,Outbound Sales,2023-Q3,33,Multi-Year,6968.69,3082.14,3864.46,1,7,0
ACC-10882,SMB,Logistics,Paid Ads,2023-Q3,16,Monthly,1684.47,482.12,510.15,3,6,1
ACC-10883,SMB,E-Commerce,Partner Referral,2023-Q4,13,Annual,1859.14,628.15,664.62,1,8,0
ACC-10884,Mid-Market,EdTech,Outbound Sales,2023-Q1,28,Annual,5821.18,2155.2,2543.42,1,9,0
ACC-10885,SMB,Fintech,Organic/Inbound,2023-Q3,44,Monthly,2211.16,886.85,846.53,2,6,0
ACC-10886,Mid-Market,EdTech,Partner Referral,2023-Q4,29,Annual,6849.59,3120.5,4208.7,0,8,0
ACC-10887,SMB,Logistics,Outbound Sales,2024-Q1,13,Monthly,2105.88,601.84,638.22,2,2,1
ACC-10888,SMB,EdTech,Organic/Inbound,2022-Q3,40,Monthly,1992.39,600.2,655.82,0,10,0
ACC-10889,SMB,EdTech,Paid Ads,2022-Q3,36,Monthly,2201.23,571.82,677.66,3,2,1
ACC-10890,Mid-Market,EdTech,Organic/Inbound,2022-Q4,45,Annual,6689.05,2841.03,4257.99,1,8,0
ACC-10891,Enterprise,Logistics,Outbound Sales,2023-Q1,21,Multi-Year,17343.62,10796.39,15550.04,0,7,0
ACC-10892,Enterprise,EdTech,Outbound Sales,2024-Q2,8,Annual,22809.12,8921.23,10193.99,0,7,0
ACC-10893,SMB,E-Commerce,Organic/Inbound,2022-Q1,48,Monthly,2011.43,537.88,525.4,3,10,1
ACC-10894,Mid-Market,Logistics,Partner Referral,2023-Q3,40,Annual,5943.48,2861.06,3707.93,0,7,0
ACC-10895,SMB,EdTech,Organic/Inbound,2024-Q1,44,Monthly,1185.69,761.58,943.93,0,4,1
ACC-10896,SMB,Logistics,Paid Ads,2023-Q4,30,Monthly,1617.36,672.92,781.09,0,8,0
ACC-10897,Enterprise,HealthTech,Outbound Sales,2023-Q1,3,Multi-Year,22612.1,11030.25,11552.81,0,8,0
ACC-10898,SMB,E-Commerce,Organic/Inbound,2022-Q4,37,Monthly,1973.91,642.79,685.01,5,8,0
ACC-10899,SMB,EdTech,Outbound Sales,2023-Q3,42,Annual,2261.86,535.86,649.14,2,7,0
ACC-10900,SMB,HealthTech,Partner Referral,2023-Q1,10,Annual,1559.99,604.87,628.91,3,7,0
ACC-10901,SMB,HealthTech,Partner Referral,2023-Q3,9,Monthly,1805.71,690.91,707.49,0,7,0
ACC-10902,SMB,Logistics,Organic/Inbound,2022-Q1,13,Annual,1408.41,519.18,559.34,0,9,0
ACC-10903,Mid-Market,HealthTech,Partner Referral,2022-Q1,41,Annual,7160.21,3294.59,4459.64,2,5,1
ACC-10904,SMB,E-Commerce,Outbound Sales,2024-Q2,6,Monthly,2270.79,554.19,566.94,3,6,1
ACC-10905,Enterprise,E-Commerce,Organic/Inbound,2022-Q3,27,Multi-Year,22447.45,10590.7,14362.84,0,8,0
ACC-10906,Enterprise,Fintech,Paid Ads,2022-Q2,14,Annual,21007.32,11353.24,15132.17,0,8,0
ACC-10907,SMB,E-Commerce,Partner Referral,2022-Q2,28,Annual,1913.26,819.68,887.77,2,5,0
ACC-10908,SMB,HealthTech,Outbound Sales,2023-Q3,40,Monthly,1689.04,520.5,615.92,1,6,0
ACC-10909,SMB,E-Commerce,Organic/Inbound,2024-Q2,48,Monthly,1977.78,657.47,843.67,1,7,0
ACC-10910,Mid-Market,Logistics,Partner Referral,2022-Q2,14,Multi-Year,4974.37,2122.74,2201.25,1,8,0
ACC-10911,SMB,Fintech,Outbound Sales,2022-Q4,45,Monthly,1956.2,269.4,296.88,2,9,1
ACC-10912,Mid-Market,HealthTech,Paid Ads,2022-Q2,39,Annual,6930.67,3140.39,5414.35,3,7,0
ACC-10913,SMB,Fintech,Organic/Inbound,2023-Q2,48,Monthly,1688.26,865.16,747.84,0,3,0
ACC-10914,Mid-Market,HealthTech,Paid Ads,2023-Q4,26,Annual,5955.83,2630.66,3397.28,0,6,0
ACC-10915,SMB,Logistics,Outbound Sales,2024-Q2,18,Annual,2401.34,479.25,471.7,1,9,0
ACC-10916,SMB,Fintech,Outbound Sales,2022-Q4,15,Monthly,1727.42,361.71,416.87,4,5,0
ACC-10917,Enterprise,EdTech,Outbound Sales,2023-Q1,27,Multi-Year,19783.44,10400.01,15325.71,1,7,0
ACC-10918,Mid-Market,HealthTech,Partner Referral,2022-Q4,6,Monthly,5728.65,2920.79,3006.22,2,8,1
ACC-10919,SMB,EdTech,Organic/Inbound,2022-Q3,13,Monthly,1885.22,528.61,518.36,4,5,0
ACC-10920,Enterprise,Fintech,Outbound Sales,2023-Q1,34,Multi-Year,16873.6,8276.94,13555.83,0,10,0
ACC-10921,Mid-Market,EdTech,Paid Ads,2024-Q1,9,Monthly,6317.51,2970.72,3184.83,1,6,1
ACC-10922,Enterprise,EdTech,Paid Ads,2023-Q4,48,Multi-Year,21276.22,8692.02,15551.76,0,9,0
ACC-10923,Mid-Market,Fintech,Outbound Sales,2023-Q4,13,Annual,6157.72,2747.34,3095.57,2,7,0
ACC-10924,SMB,Logistics,Paid Ads,2023-Q4,30,Monthly,2363,415.35,407.67,4,6,1
ACC-10925,SMB,EdTech,Paid Ads,2023-Q4,43,Monthly,1969.42,759.26,712.46,3,9,0
ACC-10926,SMB,EdTech,Paid Ads,2023-Q3,25,Monthly,1951.37,723.07,764.65,3,6,0
ACC-10927,Mid-Market,Logistics,Organic/Inbound,2023-Q4,47,Monthly,6755.78,3078.78,4312.37,0,8,0
ACC-10928,Mid-Market,EdTech,Outbound Sales,2023-Q4,25,Multi-Year,6546.8,3166.05,3878.41,2,8,1
ACC-10929,SMB,EdTech,Organic/Inbound,2023-Q4,30,Annual,1552.39,500.61,566.06,3,6,0
ACC-10930,SMB,EdTech,Organic/Inbound,2024-Q2,45,Annual,1828.29,316.1,416.38,2,5,0
ACC-10931,Enterprise,E-Commerce,Organic/Inbound,2023-Q3,28,Multi-Year,24382.88,8670.87,12340.96,0,9,0
ACC-10932,Enterprise,Logistics,Organic/Inbound,2022-Q1,27,Multi-Year,25591.9,9252.75,13903.64,0,8,0
ACC-10933,Mid-Market,EdTech,Paid Ads,2022-Q4,31,Annual,5617.79,3094.09,4145.98,2,6,0
ACC-10934,SMB,Logistics,Partner Referral,2022-Q4,21,Monthly,1317.6,356.82,355.63,1,7,1
ACC-10935,SMB,HealthTech,Organic/Inbound,2023-Q1,35,Monthly,1806.08,591.83,727.16,2,2,0
ACC-10936,SMB,HealthTech,Paid Ads,2024-Q2,38,Monthly,1755.09,354.97,406.9,3,7,1
ACC-10937,Enterprise,EdTech,Partner Referral,2023-Q2,16,Annual,16998.04,10341.91,13764.39,0,7,0
ACC-10938,SMB,Logistics,Organic/Inbound,2022-Q4,16,Monthly,1320.58,542.38,587.14,3,9,0
ACC-10939,Mid-Market,Logistics,Outbound Sales,2022-Q2,37,Monthly,7073.27,2685.26,3630.78,0,7,0
ACC-10940,SMB,Logistics,Outbound Sales,2023-Q2,32,Monthly,1748.57,455.2,462.48,7,9,1
ACC-10941,Mid-Market,E-Commerce,Outbound Sales,2023-Q4,30,Annual,7487.13,2498.35,3543.91,1,7,0
ACC-10942,Mid-Market,HealthTech,Partner Referral,2023-Q4,19,Annual,6143.55,2428.36,2651.75,1,8,0
ACC-10943,Enterprise,Logistics,Organic/Inbound,2023-Q3,5,Annual,23341.47,10946.06,11700.88,1,7,0
ACC-10944,SMB,Logistics,Partner Referral,2023-Q2,18,Monthly,1552.01,635.88,639.12,1,10,0
ACC-10945,SMB,E-Commerce,Organic/Inbound,2022-Q2,48,Annual,2017.23,727.89,782.63,1,10,0
ACC-10946,SMB,E-Commerce,Paid Ads,2023-Q3,32,Annual,1600.21,438.35,537.83,4,7,0
ACC-10947,Enterprise,Logistics,Outbound Sales,2023-Q1,31,Annual,18122.15,11194.21,16775.46,0,8,0
ACC-10948,Enterprise,Fintech,Organic/Inbound,2023-Q2,47,Multi-Year,24753.33,9949.35,17930.06,0,6,1
ACC-10949,Mid-Market,Logistics,Organic/Inbound,2024-Q2,17,Annual,6686.2,3337.27,3916.9,1,9,0
ACC-10950,Mid-Market,Logistics,Partner Referral,2023-Q4,48,Annual,6668.58,3056.75,4918.92,2,7,1
ACC-10951,Mid-Market,E-Commerce,Outbound Sales,2023-Q4,27,Multi-Year,6679.97,2928.31,3461.34,1,9,0
ACC-10952,SMB,E-Commerce,Paid Ads,2022-Q3,40,Monthly,1474.32,596.37,559,1,8,0
ACC-10953,Enterprise,Logistics,Organic/Inbound,2023-Q3,44,Multi-Year,19188.19,7668.7,10854.53,0,5,0
ACC-10954,SMB,Logistics,Organic/Inbound,2022-Q1,40,Monthly,1429.87,501.14,541.57,0,5,0
ACC-10955,SMB,Logistics,Organic/Inbound,2022-Q1,25,Annual,2281.67,812.52,960.97,0,7,0
ACC-10956,Mid-Market,E-Commerce,Organic/Inbound,2023-Q3,27,Annual,6724.37,2538.95,3030.81,1,8,0
ACC-10957,SMB,Logistics,Outbound Sales,2024-Q2,44,Annual,1450.48,691.57,710.59,2,9,0
ACC-10958,SMB,Logistics,Organic/Inbound,2024-Q1,9,Monthly,1406.32,701.3,747.85,1,6,1
ACC-10959,Mid-Market,EdTech,Organic/Inbound,2023-Q3,24,Monthly,6973.38,3264.69,3730.23,2,8,1
ACC-10960,SMB,Fintech,Partner Referral,2024-Q2,19,Annual,1826.5,616.16,671.48,1,7,0
ACC-10961,Mid-Market,HealthTech,Partner Referral,2023-Q1,20,Multi-Year,6867.3,2263.22,2616.66,0,9,0
ACC-10962,SMB,Fintech,Paid Ads,2023-Q4,43,Annual,2311.74,403.47,452.34,3,7,0
ACC-10963,SMB,EdTech,Outbound Sales,2022-Q2,12,Monthly,1606.37,448.71,451.76,3,4,1
ACC-10964,SMB,HealthTech,Partner Referral,2024-Q1,12,Monthly,1837.14,615.65,633.81,1,8,1
ACC-10965,SMB,Logistics,Paid Ads,2023-Q2,9,Annual,2067.84,586.98,596.84,1,7,0
ACC-10966,Mid-Market,EdTech,Partner Referral,2024-Q1,40,Annual,6169.5,2856.67,4345,0,8,0
ACC-10967,SMB,Logistics,Outbound Sales,2022-Q2,29,Monthly,2092.51,536.57,595.96,0,5,1
ACC-10968,Mid-Market,E-Commerce,Organic/Inbound,2022-Q3,35,Annual,6386.39,2884.62,4093.64,1,8,0
ACC-10969,Mid-Market,EdTech,Partner Referral,2023-Q4,3,Annual,6408.15,3386.59,3476.5,0,10,0
ACC-10970,Mid-Market,E-Commerce,Partner Referral,2022-Q1,46,Annual,6495.92,2470.97,3732.65,0,7,0
ACC-10971,Enterprise,EdTech,Paid Ads,2024-Q2,36,Multi-Year,22224.34,10215.6,18422.81,0,10,0
ACC-10972,Mid-Market,EdTech,Organic/Inbound,2023-Q3,6,Annual,6312.11,2640.28,2697.57,0,10,0
ACC-10973,SMB,E-Commerce,Paid Ads,2023-Q3,19,Annual,1908.29,712.77,776.76,0,7,0
ACC-10974,SMB,HealthTech,Outbound Sales,2022-Q1,6,Monthly,1709.37,457.47,477.3,0,8,0
ACC-10975,SMB,Fintech,Organic/Inbound,2024-Q1,45,Monthly,2392.85,944.46,937.02,1,8,0
ACC-10976,Mid-Market,Logistics,Organic/Inbound,2023-Q4,28,Annual,7913.16,3091.68,3480.51,0,8,0
ACC-10977,SMB,EdTech,Partner Referral,2022-Q4,6,Monthly,1936.03,711.72,730.87,3,10,0
ACC-10978,Mid-Market,Logistics,Paid Ads,2024-Q2,3,Monthly,8011.1,2027.62,2111.77,1,8,0
ACC-10979,Mid-Market,E-Commerce,Outbound Sales,2023-Q1,9,Multi-Year,6278.26,2782.69,2945.27,0,5,0
ACC-10980,SMB,Logistics,Outbound Sales,2022-Q2,32,Monthly,1477.21,465.19,516.05,0,4,0
ACC-10981,Mid-Market,E-Commerce,Paid Ads,2024-Q1,11,Annual,6704.68,2339.72,2498.65,1,4,1
ACC-10982,SMB,Logistics,Paid Ads,2023-Q2,37,Monthly,1886.97,811.91,860.23,7,6,1
ACC-10983,SMB,Fintech,Organic/Inbound,2022-Q3,10,Annual,1401.77,426.15,437.3,1,10,0
ACC-10984,Mid-Market,Fintech,Paid Ads,2023-Q3,26,Annual,6901.55,3575.1,4081.69,0,5,0
ACC-10985,Mid-Market,Fintech,Partner Referral,2024-Q1,21,Annual,6115.75,3306.77,3973.41,1,7,0
ACC-10986,Mid-Market,Fintech,Partner Referral,2022-Q3,38,Monthly,7493.14,2809.91,3250.36,1,9,0
ACC-10987,SMB,Fintech,Organic/Inbound,2022-Q2,45,Monthly,2017.02,631.53,791.62,3,4,1
ACC-10988,SMB,Fintech,Partner Referral,2023-Q3,29,Monthly,2170.32,751.07,734.19,0,6,0
ACC-10989,Enterprise,E-Commerce,Organic/Inbound,2023-Q3,34,Multi-Year,18474.07,8571.68,12756.23,2,6,0
ACC-10990,Mid-Market,EdTech,Paid Ads,2022-Q4,16,Multi-Year,7163.25,2913.18,3307.04,1,4,0
ACC-10991,Mid-Market,Logistics,Outbound Sales,2024-Q1,20,Annual,5601.74,2501.3,3055.75,0,7,0
ACC-10992,SMB,Fintech,Paid Ads,2023-Q4,30,Annual,1306.03,370.77,412.48,1,4,0
ACC-10993,Mid-Market,E-Commerce,Organic/Inbound,2022-Q1,31,Annual,7376.87,3421.47,3965.94,0,9,0
ACC-10994,SMB,E-Commerce,Partner Referral,2022-Q1,18,Annual,1711.14,313.04,342.81,0,1,0
ACC-10995,SMB,E-Commerce,Paid Ads,2023-Q1,37,Monthly,2090.64,387.35,484.93,2,7,0
ACC-10996,Enterprise,EdTech,Partner Referral,2023-Q2,33,Multi-Year,24728.01,10295.53,17512.44,0,8,0
ACC-10997,SMB,Logistics,Organic/Inbound,2022-Q3,6,Monthly,1911.09,471.47,478.47,1,10,1
ACC-10998,Enterprise,EdTech,Outbound Sales,2024-Q1,39,Annual,20042.85,9194.1,14462.09,0,8,0
ACC-10999,SMB,HealthTech,Partner Referral,2024-Q2,19,Monthly,2122.17,544.09,615.51,2,9,0
